--
-- PostgreSQL database dump
--

-- Dumped from database version 9.1.9
-- Dumped by pg_dump version 9.2.2
-- Started on 2013-05-05 11:55:55

SET statement_timeout = 0;
SET client_encoding = 'UTF8';
SET standard_conforming_strings = on;
SET check_function_bodies = false;
SET client_min_messages = warning;

--
-- TOC entry 218 (class 3079 OID 11639)
-- Name: plpgsql; Type: EXTENSION; Schema: -; Owner: 
--

CREATE EXTENSION IF NOT EXISTS plpgsql WITH SCHEMA pg_catalog;


--
-- TOC entry 2206 (class 0 OID 0)
-- Dependencies: 218
-- Name: EXTENSION plpgsql; Type: COMMENT; Schema: -; Owner: 
--

COMMENT ON EXTENSION plpgsql IS 'PL/pgSQL procedural language';


SET search_path = public, pg_catalog;

--
-- TOC entry 1605 (class 3602 OID 49194)
-- Name: main_rus; Type: TEXT SEARCH CONFIGURATION; Schema: public; Owner: garage
--

CREATE TEXT SEARCH CONFIGURATION main_rus (
    PARSER = pg_catalog."default" );

ALTER TEXT SEARCH CONFIGURATION main_rus
    ADD MAPPING FOR asciiword WITH english_stem;

ALTER TEXT SEARCH CONFIGURATION main_rus
    ADD MAPPING FOR word WITH russian_stem;

ALTER TEXT SEARCH CONFIGURATION main_rus
    ADD MAPPING FOR numword WITH simple;

ALTER TEXT SEARCH CONFIGURATION main_rus
    ADD MAPPING FOR email WITH simple;

ALTER TEXT SEARCH CONFIGURATION main_rus
    ADD MAPPING FOR url WITH simple;

ALTER TEXT SEARCH CONFIGURATION main_rus
    ADD MAPPING FOR host WITH simple;

ALTER TEXT SEARCH CONFIGURATION main_rus
    ADD MAPPING FOR sfloat WITH simple;

ALTER TEXT SEARCH CONFIGURATION main_rus
    ADD MAPPING FOR version WITH simple;

ALTER TEXT SEARCH CONFIGURATION main_rus
    ADD MAPPING FOR hword_numpart WITH simple;

ALTER TEXT SEARCH CONFIGURATION main_rus
    ADD MAPPING FOR hword_part WITH russian_stem;

ALTER TEXT SEARCH CONFIGURATION main_rus
    ADD MAPPING FOR hword_asciipart WITH english_stem;

ALTER TEXT SEARCH CONFIGURATION main_rus
    ADD MAPPING FOR numhword WITH simple;

ALTER TEXT SEARCH CONFIGURATION main_rus
    ADD MAPPING FOR asciihword WITH english_stem;

ALTER TEXT SEARCH CONFIGURATION main_rus
    ADD MAPPING FOR hword WITH russian_stem;

ALTER TEXT SEARCH CONFIGURATION main_rus
    ADD MAPPING FOR url_path WITH simple;

ALTER TEXT SEARCH CONFIGURATION main_rus
    ADD MAPPING FOR file WITH simple;

ALTER TEXT SEARCH CONFIGURATION main_rus
    ADD MAPPING FOR "float" WITH simple;

ALTER TEXT SEARCH CONFIGURATION main_rus
    ADD MAPPING FOR "int" WITH simple;

ALTER TEXT SEARCH CONFIGURATION main_rus
    ADD MAPPING FOR uint WITH simple;


ALTER TEXT SEARCH CONFIGURATION public.main_rus OWNER TO garage;

--
-- TOC entry 161 (class 1259 OID 32851)
-- Name: banner_id_seq; Type: SEQUENCE; Schema: public; Owner: garage
--

CREATE SEQUENCE banner_id_seq
    START WITH 1
    INCREMENT BY 1
    NO MINVALUE
    NO MAXVALUE
    CACHE 1;


ALTER TABLE public.banner_id_seq OWNER TO garage;

SET default_tablespace = '';

SET default_with_oids = false;

--
-- TOC entry 162 (class 1259 OID 32853)
-- Name: banner; Type: TABLE; Schema: public; Owner: garage; Tablespace: 
--

CREATE TABLE banner (
    id bigint DEFAULT nextval('banner_id_seq'::regclass) NOT NULL,
    img character varying(255),
    link character varying(255) NOT NULL,
    title character varying(255) NOT NULL
);


ALTER TABLE public.banner OWNER TO garage;

--
-- TOC entry 163 (class 1259 OID 32860)
-- Name: banner_place; Type: TABLE; Schema: public; Owner: garage; Tablespace: 
--

CREATE TABLE banner_place (
    banner_id bigint NOT NULL,
    bplace_id bigint NOT NULL
);


ALTER TABLE public.banner_place OWNER TO garage;

--
-- TOC entry 164 (class 1259 OID 32863)
-- Name: bplace_id_seq; Type: SEQUENCE; Schema: public; Owner: garage
--

CREATE SEQUENCE bplace_id_seq
    START WITH 1
    INCREMENT BY 1
    NO MINVALUE
    NO MAXVALUE
    CACHE 1;


ALTER TABLE public.bplace_id_seq OWNER TO garage;

--
-- TOC entry 165 (class 1259 OID 32865)
-- Name: bplace; Type: TABLE; Schema: public; Owner: garage; Tablespace: 
--

CREATE TABLE bplace (
    id bigint DEFAULT nextval('bplace_id_seq'::regclass) NOT NULL,
    title character varying(255) NOT NULL,
    width bigint NOT NULL,
    height bigint NOT NULL,
    change_time bigint DEFAULT (5)::bigint NOT NULL
);


ALTER TABLE public.bplace OWNER TO garage;

--
-- TOC entry 166 (class 1259 OID 32870)
-- Name: calendar; Type: TABLE; Schema: public; Owner: garage; Tablespace: 
--

CREATE TABLE calendar (
    id bigint NOT NULL,
    link_id bigint NOT NULL,
    date_event date NOT NULL,
    time_event time without time zone,
    title character varying(255) NOT NULL,
    file character varying(255),
    place character varying(255),
    short_text text,
    full_text text,
    date_create date NOT NULL,
    category_id bigint
);


ALTER TABLE public.calendar OWNER TO garage;

--
-- TOC entry 2207 (class 0 OID 0)
-- Dependencies: 166
-- Name: TABLE calendar; Type: COMMENT; Schema: public; Owner: garage
--

COMMENT ON TABLE calendar IS 'Календари';


--
-- TOC entry 167 (class 1259 OID 32876)
-- Name: calendar_category; Type: TABLE; Schema: public; Owner: garage; Tablespace: 
--

CREATE TABLE calendar_category (
    id bigint NOT NULL,
    title character varying(255),
    date_create date NOT NULL
);


ALTER TABLE public.calendar_category OWNER TO garage;

--
-- TOC entry 2208 (class 0 OID 0)
-- Dependencies: 167
-- Name: TABLE calendar_category; Type: COMMENT; Schema: public; Owner: garage
--

COMMENT ON TABLE calendar_category IS 'Таблица категорий календаря';


--
-- TOC entry 168 (class 1259 OID 32879)
-- Name: calendar_category_id_seq; Type: SEQUENCE; Schema: public; Owner: garage
--

CREATE SEQUENCE calendar_category_id_seq
    START WITH 1
    INCREMENT BY 1
    NO MINVALUE
    NO MAXVALUE
    CACHE 1;


ALTER TABLE public.calendar_category_id_seq OWNER TO garage;

--
-- TOC entry 2209 (class 0 OID 0)
-- Dependencies: 168
-- Name: calendar_category_id_seq; Type: SEQUENCE OWNED BY; Schema: public; Owner: garage
--

ALTER SEQUENCE calendar_category_id_seq OWNED BY calendar_category.id;


--
-- TOC entry 169 (class 1259 OID 32881)
-- Name: calendar_id_seq; Type: SEQUENCE; Schema: public; Owner: garage
--

CREATE SEQUENCE calendar_id_seq
    START WITH 1
    INCREMENT BY 1
    NO MINVALUE
    NO MAXVALUE
    CACHE 1;


ALTER TABLE public.calendar_id_seq OWNER TO garage;

--
-- TOC entry 2210 (class 0 OID 0)
-- Dependencies: 169
-- Name: calendar_id_seq; Type: SEQUENCE OWNED BY; Schema: public; Owner: garage
--

ALTER SEQUENCE calendar_id_seq OWNED BY calendar.id;


--
-- TOC entry 170 (class 1259 OID 32883)
-- Name: content_page; Type: TABLE; Schema: public; Owner: garage; Tablespace: 
--

CREATE TABLE content_page (
    link_id bigint,
    page_title character varying(255) NOT NULL,
    parent_page character varying(255),
    title character varying(255) NOT NULL,
    content text
);


ALTER TABLE public.content_page OWNER TO garage;

--
-- TOC entry 2211 (class 0 OID 0)
-- Dependencies: 170
-- Name: COLUMN content_page.page_title; Type: COMMENT; Schema: public; Owner: garage
--

COMMENT ON COLUMN content_page.page_title IS 'английское название для системы';


--
-- TOC entry 171 (class 1259 OID 32889)
-- Name: document_id_seq; Type: SEQUENCE; Schema: public; Owner: garage
--

CREATE SEQUENCE document_id_seq
    START WITH 1
    INCREMENT BY 1
    NO MINVALUE
    NO MAXVALUE
    CACHE 1;


ALTER TABLE public.document_id_seq OWNER TO garage;

--
-- TOC entry 172 (class 1259 OID 32891)
-- Name: document; Type: TABLE; Schema: public; Owner: garage; Tablespace: 
--

CREATE TABLE document (
    id bigint DEFAULT nextval('document_id_seq'::regclass) NOT NULL,
    link_id bigint NOT NULL,
    parent_id bigint,
    title character varying(255) NOT NULL,
    short_text text,
    full_text text NOT NULL,
    file character varying(255),
    date_create date NOT NULL
);


ALTER TABLE public.document OWNER TO garage;

--
-- TOC entry 173 (class 1259 OID 32898)
-- Name: document_folder_id_seq; Type: SEQUENCE; Schema: public; Owner: garage
--

CREATE SEQUENCE document_folder_id_seq
    START WITH 1
    INCREMENT BY 1
    NO MINVALUE
    NO MAXVALUE
    CACHE 1;


ALTER TABLE public.document_folder_id_seq OWNER TO garage;

--
-- TOC entry 174 (class 1259 OID 32900)
-- Name: document_folder; Type: TABLE; Schema: public; Owner: garage; Tablespace: 
--

CREATE TABLE document_folder (
    id bigint DEFAULT nextval('document_folder_id_seq'::regclass) NOT NULL,
    link_id bigint NOT NULL,
    parent_id bigint,
    title character varying(255) NOT NULL,
    date_create date NOT NULL
);


ALTER TABLE public.document_folder OWNER TO garage;

--
-- TOC entry 175 (class 1259 OID 32904)
-- Name: document_search_id_seq; Type: SEQUENCE; Schema: public; Owner: garage
--

CREATE SEQUENCE document_search_id_seq
    START WITH 1
    INCREMENT BY 1
    NO MINVALUE
    NO MAXVALUE
    CACHE 1;


ALTER TABLE public.document_search_id_seq OWNER TO garage;

--
-- TOC entry 176 (class 1259 OID 32906)
-- Name: document_search; Type: TABLE; Schema: public; Owner: garage; Tablespace: 
--

CREATE TABLE document_search (
    id bigint DEFAULT nextval('document_search_id_seq'::regclass) NOT NULL,
    search_text text NOT NULL
);


ALTER TABLE public.document_search OWNER TO garage;

--
-- TOC entry 177 (class 1259 OID 32913)
-- Name: menu_handler_id_seq; Type: SEQUENCE; Schema: public; Owner: garage
--

CREATE SEQUENCE menu_handler_id_seq
    START WITH 1
    INCREMENT BY 1
    NO MINVALUE
    NO MAXVALUE
    CACHE 1;


ALTER TABLE public.menu_handler_id_seq OWNER TO garage;

--
-- TOC entry 178 (class 1259 OID 32915)
-- Name: menu_handler; Type: TABLE; Schema: public; Owner: garage; Tablespace: 
--

CREATE TABLE menu_handler (
    id bigint DEFAULT nextval('menu_handler_id_seq'::regclass) NOT NULL,
    title character varying(255) NOT NULL,
    controller character varying(255) NOT NULL
);


ALTER TABLE public.menu_handler OWNER TO garage;

--
-- TOC entry 179 (class 1259 OID 32922)
-- Name: menu_item_id_seq; Type: SEQUENCE; Schema: public; Owner: garage
--

CREATE SEQUENCE menu_item_id_seq
    START WITH 1
    INCREMENT BY 1
    NO MINVALUE
    NO MAXVALUE
    CACHE 1;


ALTER TABLE public.menu_item_id_seq OWNER TO garage;

--
-- TOC entry 180 (class 1259 OID 32924)
-- Name: menu_item; Type: TABLE; Schema: public; Owner: garage; Tablespace: 
--

CREATE TABLE menu_item (
    id bigint DEFAULT nextval('menu_item_id_seq'::regclass) NOT NULL,
    title character varying(255) NOT NULL,
    link character varying(255) NOT NULL,
    parent_id bigint,
    handler_id bigint NOT NULL,
    is_visible bit(1) DEFAULT B'1'::"bit" NOT NULL,
    sort_order integer DEFAULT 1
);


ALTER TABLE public.menu_item OWNER TO garage;

--
-- TOC entry 2212 (class 0 OID 0)
-- Dependencies: 180
-- Name: COLUMN menu_item.sort_order; Type: COMMENT; Schema: public; Owner: garage
--

COMMENT ON COLUMN menu_item.sort_order IS 'Порядок вывода элементов';


--
-- TOC entry 181 (class 1259 OID 32933)
-- Name: menu_menu_id_seq; Type: SEQUENCE; Schema: public; Owner: garage
--

CREATE SEQUENCE menu_menu_id_seq
    START WITH 1
    INCREMENT BY 1
    NO MINVALUE
    NO MAXVALUE
    CACHE 1;


ALTER TABLE public.menu_menu_id_seq OWNER TO garage;

--
-- TOC entry 182 (class 1259 OID 32935)
-- Name: menu_menu; Type: TABLE; Schema: public; Owner: garage; Tablespace: 
--

CREATE TABLE menu_menu (
    id bigint DEFAULT nextval('menu_menu_id_seq'::regclass) NOT NULL,
    title character varying(255) NOT NULL,
    code character varying(255) NOT NULL
);


ALTER TABLE public.menu_menu OWNER TO garage;

--
-- TOC entry 183 (class 1259 OID 32942)
-- Name: menu_menu_item; Type: TABLE; Schema: public; Owner: garage; Tablespace: 
--

CREATE TABLE menu_menu_item (
    menu_id bigint NOT NULL,
    item_id bigint NOT NULL
);


ALTER TABLE public.menu_menu_item OWNER TO garage;

--
-- TOC entry 184 (class 1259 OID 32945)
-- Name: news_id_seq; Type: SEQUENCE; Schema: public; Owner: garage
--

CREATE SEQUENCE news_id_seq
    START WITH 1
    INCREMENT BY 1
    NO MINVALUE
    NO MAXVALUE
    CACHE 1;


ALTER TABLE public.news_id_seq OWNER TO garage;

--
-- TOC entry 185 (class 1259 OID 32947)
-- Name: news; Type: TABLE; Schema: public; Owner: garage; Tablespace: 
--

CREATE TABLE news (
    id bigint DEFAULT nextval('news_id_seq'::regclass) NOT NULL,
    link_id bigint NOT NULL,
    date_public timestamp(3) without time zone NOT NULL,
    title character varying(255) NOT NULL,
    file character varying(255),
    short_text text,
    full_text text,
    date_create date NOT NULL,
    category_id bigint
);


ALTER TABLE public.news OWNER TO garage;

--
-- TOC entry 2213 (class 0 OID 0)
-- Dependencies: 185
-- Name: TABLE news; Type: COMMENT; Schema: public; Owner: garage
--

COMMENT ON TABLE news IS 'Новости';


--
-- TOC entry 186 (class 1259 OID 32954)
-- Name: news_category; Type: TABLE; Schema: public; Owner: garage; Tablespace: 
--

CREATE TABLE news_category (
    id bigint NOT NULL,
    title character varying(255),
    date_create date NOT NULL
);


ALTER TABLE public.news_category OWNER TO garage;

--
-- TOC entry 2214 (class 0 OID 0)
-- Dependencies: 186
-- Name: TABLE news_category; Type: COMMENT; Schema: public; Owner: garage
--

COMMENT ON TABLE news_category IS 'Таблица категорий новостей';


--
-- TOC entry 187 (class 1259 OID 32957)
-- Name: news_category_id_seq; Type: SEQUENCE; Schema: public; Owner: garage
--

CREATE SEQUENCE news_category_id_seq
    START WITH 1
    INCREMENT BY 1
    NO MINVALUE
    NO MAXVALUE
    CACHE 1;


ALTER TABLE public.news_category_id_seq OWNER TO garage;

--
-- TOC entry 2215 (class 0 OID 0)
-- Dependencies: 187
-- Name: news_category_id_seq; Type: SEQUENCE OWNED BY; Schema: public; Owner: garage
--

ALTER SEQUENCE news_category_id_seq OWNED BY news_category.id;


--
-- TOC entry 188 (class 1259 OID 32959)
-- Name: partners; Type: TABLE; Schema: public; Owner: garage; Tablespace: 
--

CREATE TABLE partners (
    id bigint NOT NULL,
    link_id bigint,
    title character varying(50) NOT NULL,
    url character varying(255),
    file character varying(255),
    date_create date
);


ALTER TABLE public.partners OWNER TO garage;

--
-- TOC entry 2216 (class 0 OID 0)
-- Dependencies: 188
-- Name: TABLE partners; Type: COMMENT; Schema: public; Owner: garage
--

COMMENT ON TABLE partners IS 'Таблица партнеров';


--
-- TOC entry 189 (class 1259 OID 32965)
-- Name: partners_id_seq; Type: SEQUENCE; Schema: public; Owner: garage
--

CREATE SEQUENCE partners_id_seq
    START WITH 1
    INCREMENT BY 1
    NO MINVALUE
    NO MAXVALUE
    CACHE 1;


ALTER TABLE public.partners_id_seq OWNER TO garage;

--
-- TOC entry 2217 (class 0 OID 0)
-- Dependencies: 189
-- Name: partners_id_seq; Type: SEQUENCE OWNED BY; Schema: public; Owner: garage
--

ALTER SEQUENCE partners_id_seq OWNED BY partners.id;


--
-- TOC entry 190 (class 1259 OID 32967)
-- Name: phone_id_seq; Type: SEQUENCE; Schema: public; Owner: garage
--

CREATE SEQUENCE phone_id_seq
    START WITH 1
    INCREMENT BY 1
    NO MINVALUE
    NO MAXVALUE
    CACHE 1;


ALTER TABLE public.phone_id_seq OWNER TO garage;

--
-- TOC entry 191 (class 1259 OID 32969)
-- Name: phone; Type: TABLE; Schema: public; Owner: garage; Tablespace: 
--

CREATE TABLE phone (
    id bigint DEFAULT nextval('phone_id_seq'::regclass) NOT NULL,
    address character varying(255) NOT NULL,
    phone character varying(255) NOT NULL,
    post_index character varying(255) NOT NULL,
    date_create date NOT NULL
);


ALTER TABLE public.phone OWNER TO garage;

--
-- TOC entry 216 (class 1259 OID 49169)
-- Name: project; Type: TABLE; Schema: public; Owner: garage; Tablespace: 
--

CREATE TABLE project (
    id bigint NOT NULL,
    title character varying(50) NOT NULL,
    is_company boolean DEFAULT false NOT NULL,
    company_title character varying,
    company_contact_fio character varying,
    company_contact_phone character varying,
    company_contact_email character varying,
    description character varying,
    resulting_products character varying(220),
    basic_function character varying(1024),
    additional_features character varying(520),
    potential_customers character varying(520),
    analogs character varying(1024),
    branch_id bigint,
    stage_id bigint,
    requirements_id bigint,
    requirements_text character varying(520),
    date_create date NOT NULL,
    direction_id bigint
);


ALTER TABLE public.project OWNER TO garage;

--
-- TOC entry 2218 (class 0 OID 0)
-- Dependencies: 216
-- Name: TABLE project; Type: COMMENT; Schema: public; Owner: garage
--

COMMENT ON TABLE project IS 'Таблица проектов';


--
-- TOC entry 2219 (class 0 OID 0)
-- Dependencies: 216
-- Name: COLUMN project.title; Type: COMMENT; Schema: public; Owner: garage
--

COMMENT ON COLUMN project.title IS 'Название проекта';


--
-- TOC entry 2220 (class 0 OID 0)
-- Dependencies: 216
-- Name: COLUMN project.is_company; Type: COMMENT; Schema: public; Owner: garage
--

COMMENT ON COLUMN project.is_company IS 'Вы - компания?';


--
-- TOC entry 2221 (class 0 OID 0)
-- Dependencies: 216
-- Name: COLUMN project.company_title; Type: COMMENT; Schema: public; Owner: garage
--

COMMENT ON COLUMN project.company_title IS 'Название комании';


--
-- TOC entry 2222 (class 0 OID 0)
-- Dependencies: 216
-- Name: COLUMN project.company_contact_fio; Type: COMMENT; Schema: public; Owner: garage
--

COMMENT ON COLUMN project.company_contact_fio IS 'Ф.И.О. контактного лица';


--
-- TOC entry 2223 (class 0 OID 0)
-- Dependencies: 216
-- Name: COLUMN project.company_contact_phone; Type: COMMENT; Schema: public; Owner: garage
--

COMMENT ON COLUMN project.company_contact_phone IS 'Контактный телефон';


--
-- TOC entry 2224 (class 0 OID 0)
-- Dependencies: 216
-- Name: COLUMN project.company_contact_email; Type: COMMENT; Schema: public; Owner: garage
--

COMMENT ON COLUMN project.company_contact_email IS 'E-mail	*					';


--
-- TOC entry 2225 (class 0 OID 0)
-- Dependencies: 216
-- Name: COLUMN project.description; Type: COMMENT; Schema: public; Owner: garage
--

COMMENT ON COLUMN project.description IS 'Описание проекта';


--
-- TOC entry 2226 (class 0 OID 0)
-- Dependencies: 216
-- Name: COLUMN project.resulting_products; Type: COMMENT; Schema: public; Owner: garage
--

COMMENT ON COLUMN project.resulting_products IS 'Вид результирующей продукции (или технологии) проекта';


--
-- TOC entry 2227 (class 0 OID 0)
-- Dependencies: 216
-- Name: COLUMN project.basic_function; Type: COMMENT; Schema: public; Owner: garage
--

COMMENT ON COLUMN project.basic_function IS 'Базовые функции (по возможности не более 5)';


--
-- TOC entry 2228 (class 0 OID 0)
-- Dependencies: 216
-- Name: COLUMN project.additional_features; Type: COMMENT; Schema: public; Owner: garage
--

COMMENT ON COLUMN project.additional_features IS 'Дополнительные функции';


--
-- TOC entry 2229 (class 0 OID 0)
-- Dependencies: 216
-- Name: COLUMN project.potential_customers; Type: COMMENT; Schema: public; Owner: garage
--

COMMENT ON COLUMN project.potential_customers IS 'Потенциальные потребители	';


--
-- TOC entry 2230 (class 0 OID 0)
-- Dependencies: 216
-- Name: COLUMN project.analogs; Type: COMMENT; Schema: public; Owner: garage
--

COMMENT ON COLUMN project.analogs IS 'Существующие аналоги';


--
-- TOC entry 2231 (class 0 OID 0)
-- Dependencies: 216
-- Name: COLUMN project.branch_id; Type: COMMENT; Schema: public; Owner: garage
--

COMMENT ON COLUMN project.branch_id IS 'Отрасль';


--
-- TOC entry 2232 (class 0 OID 0)
-- Dependencies: 216
-- Name: COLUMN project.stage_id; Type: COMMENT; Schema: public; Owner: garage
--

COMMENT ON COLUMN project.stage_id IS 'Стадия проекта';


--
-- TOC entry 2233 (class 0 OID 0)
-- Dependencies: 216
-- Name: COLUMN project.requirements_id; Type: COMMENT; Schema: public; Owner: garage
--

COMMENT ON COLUMN project.requirements_id IS 'Надо для завершения';


--
-- TOC entry 2234 (class 0 OID 0)
-- Dependencies: 216
-- Name: COLUMN project.requirements_text; Type: COMMENT; Schema: public; Owner: garage
--

COMMENT ON COLUMN project.requirements_text IS 'Надо для завершения текст		';


--
-- TOC entry 2235 (class 0 OID 0)
-- Dependencies: 216
-- Name: COLUMN project.date_create; Type: COMMENT; Schema: public; Owner: garage
--

COMMENT ON COLUMN project.date_create IS 'Дата создания';


--
-- TOC entry 2236 (class 0 OID 0)
-- Dependencies: 216
-- Name: COLUMN project.direction_id; Type: COMMENT; Schema: public; Owner: garage
--

COMMENT ON COLUMN project.direction_id IS 'Направление';


--
-- TOC entry 208 (class 1259 OID 40971)
-- Name: project_branch; Type: TABLE; Schema: public; Owner: garage; Tablespace: 
--

CREATE TABLE project_branch (
    id bigint NOT NULL,
    title character varying(75) NOT NULL,
    date_create date NOT NULL
);


ALTER TABLE public.project_branch OWNER TO garage;

--
-- TOC entry 2237 (class 0 OID 0)
-- Dependencies: 208
-- Name: TABLE project_branch; Type: COMMENT; Schema: public; Owner: garage
--

COMMENT ON TABLE project_branch IS 'Отрасли проектов';


--
-- TOC entry 207 (class 1259 OID 40969)
-- Name: project_branch_id_seq; Type: SEQUENCE; Schema: public; Owner: garage
--

CREATE SEQUENCE project_branch_id_seq
    START WITH 1
    INCREMENT BY 1
    NO MINVALUE
    NO MAXVALUE
    CACHE 1;


ALTER TABLE public.project_branch_id_seq OWNER TO garage;

--
-- TOC entry 2238 (class 0 OID 0)
-- Dependencies: 207
-- Name: project_branch_id_seq; Type: SEQUENCE OWNED BY; Schema: public; Owner: garage
--

ALTER SEQUENCE project_branch_id_seq OWNED BY project_branch.id;


--
-- TOC entry 210 (class 1259 OID 40979)
-- Name: project_direction; Type: TABLE; Schema: public; Owner: garage; Tablespace: 
--

CREATE TABLE project_direction (
    id bigint NOT NULL,
    title character varying(75) NOT NULL,
    branch_id bigint,
    date_create date NOT NULL
);


ALTER TABLE public.project_direction OWNER TO garage;

--
-- TOC entry 2239 (class 0 OID 0)
-- Dependencies: 210
-- Name: TABLE project_direction; Type: COMMENT; Schema: public; Owner: garage
--

COMMENT ON TABLE project_direction IS 'Направление проекта';


--
-- TOC entry 209 (class 1259 OID 40977)
-- Name: project_direction_id_seq; Type: SEQUENCE; Schema: public; Owner: garage
--

CREATE SEQUENCE project_direction_id_seq
    START WITH 1
    INCREMENT BY 1
    NO MINVALUE
    NO MAXVALUE
    CACHE 1;


ALTER TABLE public.project_direction_id_seq OWNER TO garage;

--
-- TOC entry 2240 (class 0 OID 0)
-- Dependencies: 209
-- Name: project_direction_id_seq; Type: SEQUENCE OWNED BY; Schema: public; Owner: garage
--

ALTER SEQUENCE project_direction_id_seq OWNED BY project_direction.id;


--
-- TOC entry 215 (class 1259 OID 49167)
-- Name: project_id_seq; Type: SEQUENCE; Schema: public; Owner: garage
--

CREATE SEQUENCE project_id_seq
    START WITH 1
    INCREMENT BY 1
    NO MINVALUE
    NO MAXVALUE
    CACHE 1;


ALTER TABLE public.project_id_seq OWNER TO garage;

--
-- TOC entry 2241 (class 0 OID 0)
-- Dependencies: 215
-- Name: project_id_seq; Type: SEQUENCE OWNED BY; Schema: public; Owner: garage
--

ALTER SEQUENCE project_id_seq OWNED BY project.id;


--
-- TOC entry 214 (class 1259 OID 41000)
-- Name: project_requirements; Type: TABLE; Schema: public; Owner: garage; Tablespace: 
--

CREATE TABLE project_requirements (
    id bigint NOT NULL,
    title character varying(75) NOT NULL,
    date_create date NOT NULL
);


ALTER TABLE public.project_requirements OWNER TO garage;

--
-- TOC entry 2242 (class 0 OID 0)
-- Dependencies: 214
-- Name: TABLE project_requirements; Type: COMMENT; Schema: public; Owner: garage
--

COMMENT ON TABLE project_requirements IS 'Что требуется для завершения проекта';


--
-- TOC entry 213 (class 1259 OID 40998)
-- Name: project_requirements_id_seq; Type: SEQUENCE; Schema: public; Owner: garage
--

CREATE SEQUENCE project_requirements_id_seq
    START WITH 1
    INCREMENT BY 1
    NO MINVALUE
    NO MAXVALUE
    CACHE 1;


ALTER TABLE public.project_requirements_id_seq OWNER TO garage;

--
-- TOC entry 2243 (class 0 OID 0)
-- Dependencies: 213
-- Name: project_requirements_id_seq; Type: SEQUENCE OWNED BY; Schema: public; Owner: garage
--

ALTER SEQUENCE project_requirements_id_seq OWNED BY project_requirements.id;


--
-- TOC entry 212 (class 1259 OID 40992)
-- Name: project_stage; Type: TABLE; Schema: public; Owner: garage; Tablespace: 
--

CREATE TABLE project_stage (
    id bigint NOT NULL,
    title character varying(75) NOT NULL,
    date_create date NOT NULL
);


ALTER TABLE public.project_stage OWNER TO garage;

--
-- TOC entry 2244 (class 0 OID 0)
-- Dependencies: 212
-- Name: TABLE project_stage; Type: COMMENT; Schema: public; Owner: garage
--

COMMENT ON TABLE project_stage IS 'Стадия проекта';


--
-- TOC entry 211 (class 1259 OID 40990)
-- Name: project_stage_id_seq; Type: SEQUENCE; Schema: public; Owner: garage
--

CREATE SEQUENCE project_stage_id_seq
    START WITH 1
    INCREMENT BY 1
    NO MINVALUE
    NO MAXVALUE
    CACHE 1;


ALTER TABLE public.project_stage_id_seq OWNER TO garage;

--
-- TOC entry 2245 (class 0 OID 0)
-- Dependencies: 211
-- Name: project_stage_id_seq; Type: SEQUENCE OWNED BY; Schema: public; Owner: garage
--

ALTER SEQUENCE project_stage_id_seq OWNED BY project_stage.id;


--
-- TOC entry 217 (class 1259 OID 49198)
-- Name: project_user; Type: TABLE; Schema: public; Owner: garage; Tablespace: 
--

CREATE TABLE project_user (
    project_id bigint NOT NULL,
    user_id bigint NOT NULL,
    is_moderate boolean NOT NULL,
    is_author boolean DEFAULT false NOT NULL
);


ALTER TABLE public.project_user OWNER TO garage;

--
-- TOC entry 2246 (class 0 OID 0)
-- Dependencies: 217
-- Name: TABLE project_user; Type: COMMENT; Schema: public; Owner: garage
--

COMMENT ON TABLE project_user IS 'Проекты и пользователи';


--
-- TOC entry 2247 (class 0 OID 0)
-- Dependencies: 217
-- Name: COLUMN project_user.project_id; Type: COMMENT; Schema: public; Owner: garage
--

COMMENT ON COLUMN project_user.project_id IS 'Проект';


--
-- TOC entry 2248 (class 0 OID 0)
-- Dependencies: 217
-- Name: COLUMN project_user.user_id; Type: COMMENT; Schema: public; Owner: garage
--

COMMENT ON COLUMN project_user.user_id IS 'Пользователь';


--
-- TOC entry 2249 (class 0 OID 0)
-- Dependencies: 217
-- Name: COLUMN project_user.is_moderate; Type: COMMENT; Schema: public; Owner: garage
--

COMMENT ON COLUMN project_user.is_moderate IS 'Проверен';


--
-- TOC entry 2250 (class 0 OID 0)
-- Dependencies: 217
-- Name: COLUMN project_user.is_author; Type: COMMENT; Schema: public; Owner: garage
--

COMMENT ON COLUMN project_user.is_author IS 'Автор проекта';


--
-- TOC entry 192 (class 1259 OID 32976)
-- Name: tm_acl_role; Type: TABLE; Schema: public; Owner: garage; Tablespace: 
--

CREATE TABLE tm_acl_role (
    tm_user_role_id bigint NOT NULL,
    tm_user_resource_id bigint NOT NULL,
    is_allow bit(1) DEFAULT B'0'::"bit" NOT NULL,
    privileges character varying(255) NOT NULL
);


ALTER TABLE public.tm_acl_role OWNER TO garage;

--
-- TOC entry 193 (class 1259 OID 32980)
-- Name: tm_task_attribute_type_id_seq; Type: SEQUENCE; Schema: public; Owner: garage
--

CREATE SEQUENCE tm_task_attribute_type_id_seq
    START WITH 1
    INCREMENT BY 1
    NO MINVALUE
    NO MAXVALUE
    CACHE 1;


ALTER TABLE public.tm_task_attribute_type_id_seq OWNER TO garage;

--
-- TOC entry 194 (class 1259 OID 32982)
-- Name: tm_task_attribute_type; Type: TABLE; Schema: public; Owner: garage; Tablespace: 
--

CREATE TABLE tm_task_attribute_type (
    id bigint DEFAULT nextval('tm_task_attribute_type_id_seq'::regclass) NOT NULL,
    title character varying(50) NOT NULL,
    handler character varying(100) NOT NULL,
    description character varying(255) NOT NULL
);


ALTER TABLE public.tm_task_attribute_type OWNER TO garage;

--
-- TOC entry 195 (class 1259 OID 32986)
-- Name: tm_user_id_seq; Type: SEQUENCE; Schema: public; Owner: garage
--

CREATE SEQUENCE tm_user_id_seq
    START WITH 1
    INCREMENT BY 1
    NO MINVALUE
    NO MAXVALUE
    CACHE 1;


ALTER TABLE public.tm_user_id_seq OWNER TO garage;

--
-- TOC entry 196 (class 1259 OID 32988)
-- Name: tm_user; Type: TABLE; Schema: public; Owner: garage; Tablespace: 
--

CREATE TABLE tm_user (
    id bigint DEFAULT nextval('tm_user_id_seq'::regclass) NOT NULL,
    login character varying(32) NOT NULL,
    password character varying(32) NOT NULL,
    role_id bigint NOT NULL,
    date_create timestamp(3) without time zone NOT NULL
);


ALTER TABLE public.tm_user OWNER TO garage;

--
-- TOC entry 197 (class 1259 OID 32992)
-- Name: tm_user_attribute; Type: TABLE; Schema: public; Owner: garage; Tablespace: 
--

CREATE TABLE tm_user_attribute (
    user_id bigint NOT NULL,
    attribute_key character varying(255) NOT NULL,
    type_id bigint NOT NULL,
    attribute_value text NOT NULL,
    is_fill bit(1) DEFAULT B'0'::"bit" NOT NULL
);


ALTER TABLE public.tm_user_attribute OWNER TO garage;

--
-- TOC entry 198 (class 1259 OID 32999)
-- Name: tm_user_attribute_type_id_seq; Type: SEQUENCE; Schema: public; Owner: garage
--

CREATE SEQUENCE tm_user_attribute_type_id_seq
    START WITH 1
    INCREMENT BY 1
    NO MINVALUE
    NO MAXVALUE
    CACHE 1;


ALTER TABLE public.tm_user_attribute_type_id_seq OWNER TO garage;

--
-- TOC entry 199 (class 1259 OID 33001)
-- Name: tm_user_attribute_type; Type: TABLE; Schema: public; Owner: garage; Tablespace: 
--

CREATE TABLE tm_user_attribute_type (
    id bigint DEFAULT nextval('tm_user_attribute_type_id_seq'::regclass) NOT NULL,
    title character varying(50) NOT NULL,
    handler character varying(100) NOT NULL,
    description character varying(255) NOT NULL
);


ALTER TABLE public.tm_user_attribute_type OWNER TO garage;

--
-- TOC entry 200 (class 1259 OID 33005)
-- Name: tm_user_hash; Type: TABLE; Schema: public; Owner: garage; Tablespace: 
--

CREATE TABLE tm_user_hash (
    user_id bigint,
    attribute_key character varying(255) NOT NULL,
    title character varying(255) NOT NULL,
    type_id bigint NOT NULL,
    list_value text
);


ALTER TABLE public.tm_user_hash OWNER TO garage;

--
-- TOC entry 201 (class 1259 OID 33011)
-- Name: tm_user_profile; Type: TABLE; Schema: public; Owner: garage; Tablespace: 
--

CREATE TABLE tm_user_profile (
    user_id bigint NOT NULL,
    profile_key character varying(255) NOT NULL,
    profile_value text NOT NULL
);


ALTER TABLE public.tm_user_profile OWNER TO garage;

--
-- TOC entry 202 (class 1259 OID 33017)
-- Name: tm_user_resource_id_seq; Type: SEQUENCE; Schema: public; Owner: garage
--

CREATE SEQUENCE tm_user_resource_id_seq
    START WITH 1
    INCREMENT BY 1
    NO MINVALUE
    NO MAXVALUE
    CACHE 1;


ALTER TABLE public.tm_user_resource_id_seq OWNER TO garage;

--
-- TOC entry 203 (class 1259 OID 33019)
-- Name: tm_user_resource; Type: TABLE; Schema: public; Owner: garage; Tablespace: 
--

CREATE TABLE tm_user_resource (
    id bigint DEFAULT nextval('tm_user_resource_id_seq'::regclass) NOT NULL,
    title character varying(45),
    rtitle character varying(255) NOT NULL
);


ALTER TABLE public.tm_user_resource OWNER TO garage;

--
-- TOC entry 204 (class 1259 OID 33023)
-- Name: tm_user_role_id_seq; Type: SEQUENCE; Schema: public; Owner: garage
--

CREATE SEQUENCE tm_user_role_id_seq
    START WITH 1
    INCREMENT BY 1
    NO MINVALUE
    NO MAXVALUE
    CACHE 1;


ALTER TABLE public.tm_user_role_id_seq OWNER TO garage;

--
-- TOC entry 205 (class 1259 OID 33025)
-- Name: tm_user_role; Type: TABLE; Schema: public; Owner: garage; Tablespace: 
--

CREATE TABLE tm_user_role (
    id bigint DEFAULT nextval('tm_user_role_id_seq'::regclass) NOT NULL,
    title character varying(32) NOT NULL,
    rtitle character varying(255) NOT NULL
);


ALTER TABLE public.tm_user_role OWNER TO garage;

--
-- TOC entry 206 (class 1259 OID 33029)
-- Name: vote_email; Type: TABLE; Schema: public; Owner: garage; Tablespace: 
--

CREATE TABLE vote_email (
    link_id bigint NOT NULL,
    val character varying(255) NOT NULL
);


ALTER TABLE public.vote_email OWNER TO garage;

--
-- TOC entry 2041 (class 2604 OID 33032)
-- Name: id; Type: DEFAULT; Schema: public; Owner: garage
--

ALTER TABLE ONLY calendar ALTER COLUMN id SET DEFAULT nextval('calendar_id_seq'::regclass);


--
-- TOC entry 2042 (class 2604 OID 33033)
-- Name: id; Type: DEFAULT; Schema: public; Owner: garage
--

ALTER TABLE ONLY calendar_category ALTER COLUMN id SET DEFAULT nextval('calendar_category_id_seq'::regclass);


--
-- TOC entry 2052 (class 2604 OID 33034)
-- Name: id; Type: DEFAULT; Schema: public; Owner: garage
--

ALTER TABLE ONLY news_category ALTER COLUMN id SET DEFAULT nextval('news_category_id_seq'::regclass);


--
-- TOC entry 2053 (class 2604 OID 33035)
-- Name: id; Type: DEFAULT; Schema: public; Owner: garage
--

ALTER TABLE ONLY partners ALTER COLUMN id SET DEFAULT nextval('partners_id_seq'::regclass);


--
-- TOC entry 2066 (class 2604 OID 49172)
-- Name: id; Type: DEFAULT; Schema: public; Owner: garage
--

ALTER TABLE ONLY project ALTER COLUMN id SET DEFAULT nextval('project_id_seq'::regclass);


--
-- TOC entry 2062 (class 2604 OID 40974)
-- Name: id; Type: DEFAULT; Schema: public; Owner: garage
--

ALTER TABLE ONLY project_branch ALTER COLUMN id SET DEFAULT nextval('project_branch_id_seq'::regclass);


--
-- TOC entry 2063 (class 2604 OID 40982)
-- Name: id; Type: DEFAULT; Schema: public; Owner: garage
--

ALTER TABLE ONLY project_direction ALTER COLUMN id SET DEFAULT nextval('project_direction_id_seq'::regclass);


--
-- TOC entry 2065 (class 2604 OID 41003)
-- Name: id; Type: DEFAULT; Schema: public; Owner: garage
--

ALTER TABLE ONLY project_requirements ALTER COLUMN id SET DEFAULT nextval('project_requirements_id_seq'::regclass);


--
-- TOC entry 2064 (class 2604 OID 40995)
-- Name: id; Type: DEFAULT; Schema: public; Owner: garage
--

ALTER TABLE ONLY project_stage ALTER COLUMN id SET DEFAULT nextval('project_stage_id_seq'::regclass);


--
-- TOC entry 2143 (class 0 OID 32853)
-- Dependencies: 162
-- Data for Name: banner; Type: TABLE DATA; Schema: public; Owner: garage
--

INSERT INTO banner (id, img, link, title) VALUES (25, 'img_28-04-2013-20-56-20.png', 'www.inngarage.ru', 'Главный');


--
-- TOC entry 2251 (class 0 OID 0)
-- Dependencies: 161
-- Name: banner_id_seq; Type: SEQUENCE SET; Schema: public; Owner: garage
--

SELECT pg_catalog.setval('banner_id_seq', 25, true);


--
-- TOC entry 2144 (class 0 OID 32860)
-- Dependencies: 163
-- Data for Name: banner_place; Type: TABLE DATA; Schema: public; Owner: garage
--

INSERT INTO banner_place (banner_id, bplace_id) VALUES (25, 1);


--
-- TOC entry 2146 (class 0 OID 32865)
-- Dependencies: 165
-- Data for Name: bplace; Type: TABLE DATA; Schema: public; Owner: garage
--

INSERT INTO bplace (id, title, width, height, change_time) VALUES (1, 'Главная', 598, 249, 5);


--
-- TOC entry 2252 (class 0 OID 0)
-- Dependencies: 164
-- Name: bplace_id_seq; Type: SEQUENCE SET; Schema: public; Owner: garage
--

SELECT pg_catalog.setval('bplace_id_seq', 2, true);


--
-- TOC entry 2147 (class 0 OID 32870)
-- Dependencies: 166
-- Data for Name: calendar; Type: TABLE DATA; Schema: public; Owner: garage
--

INSERT INTO calendar (id, link_id, date_event, time_event, title, file, place, short_text, full_text, date_create, category_id) VALUES (1, 62, '2013-04-14', '10:00:00', 'Первое', NULL, 'ваввпивпив', 'вар аврав арвар аврварва', '<p>ва рварва рвв</p>

<p>ва р</p>

<p>варва</p>

<p>рвар</p>

<p>врв</p>
', '2013-04-14', NULL);


--
-- TOC entry 2148 (class 0 OID 32876)
-- Dependencies: 167
-- Data for Name: calendar_category; Type: TABLE DATA; Schema: public; Owner: garage
--



--
-- TOC entry 2253 (class 0 OID 0)
-- Dependencies: 168
-- Name: calendar_category_id_seq; Type: SEQUENCE SET; Schema: public; Owner: garage
--

SELECT pg_catalog.setval('calendar_category_id_seq', 1, false);


--
-- TOC entry 2254 (class 0 OID 0)
-- Dependencies: 169
-- Name: calendar_id_seq; Type: SEQUENCE SET; Schema: public; Owner: garage
--

SELECT pg_catalog.setval('calendar_id_seq', 1, true);


--
-- TOC entry 2151 (class 0 OID 32883)
-- Dependencies: 170
-- Data for Name: content_page; Type: TABLE DATA; Schema: public; Owner: garage
--

INSERT INTO content_page (link_id, page_title, parent_page, title, content) VALUES (62, 'kalenda', NULL, 'Календарь', NULL);
INSERT INTO content_page (link_id, page_title, parent_page, title, content) VALUES (35, 'main_page', NULL, 'Главная страница', '');
INSERT INTO content_page (link_id, page_title, parent_page, title, content) VALUES (72, 'fom', NULL, 'Форум', NULL);
INSERT INTO content_page (link_id, page_title, parent_page, title, content) VALUES (59, 'o_nas', NULL, 'О нас', '<p><img src="/ckfinder/userfiles/images/boy2.jpg" /></p>

<p>Наше предназначение - помочь Стартаперу найти инвестиции в свой проект, а банкам и инвесторам - принять активное участие в развитии инновационных разработок, получать дивиденды от вложенных денежных средств.</p>

<p>&nbsp;</p>

<p>Аудитория проекта - успешные предприниматели и опытные банкиры, креативные pr-директора и отличные руководители известных компаний.</p>

<p>Нас благодарят за: - экономию времени (временные затраты на поиск инвестора (партнера) сокращаются на десятки часов еженедельно); - эмпатию (вы не платите агентам, посредникам за поиск нужного вам человека) мы знаем, насколько сложен деловой мир; - существование (Вот оно &ndash; главное счастье человека: быть нужным.); - self-Pr (каждый человек имеет право быть услышанным); - чашечку ароматного чая (мы всегда рады пригласить Вас в наш офис) ;)</p>

<p>Платформа, ориентированная на привлечение финансирования в креативные проекты через краудфандинг</p>

<p>Тысячи людей готовы поддержать авторские начинания в таких областях, как музыка, фильмы, игры, искусство, новые технологии, промышленный дизайн и прочих. Множество успешных проектов являются ярким подтверждением этого.</p>

<p>Совершенно новый подход к реализации Вашего творческого потенциала и к привлечению финансирования через краудфандинг</p>

<p>Нам интересны оригинальные, новаторские, современные идеи, которые могут быть полезны для общества. Поэтому мы предоставляем людям возможность поддержать интересые им проекты, а взамен получить уникальные продукты, бонусы или необычный опыт.</p>

<p>Только полное финансирование проектов</p>

<p>Почему? Таким образом исключаются возможные негативные последствия: очевидно, что недостаток средств может привести к некачественной реализации проекта. Если проект не привлекает требующуюся сумму денег, то все собранные средства моментально возвращаются спонсорам.</p>

<p>Индивидуальность и социальная активность</p>

<p>Платформа создана для самых разных проектов: больших и малых, серьезных и не очень, традиционных и экспериментальных. Любой может реализовать свою идею, будь то запись музыкального альбома, съемка фильма или создание нового прибора. Нужны только фантазия, желание и немного таланта.</p>
');
INSERT INTO content_page (link_id, page_title, parent_page, title, content) VALUES (NULL, 'contact', 'o_nas', 'Контакты', '<p>Наши контакты</p>
');


--
-- TOC entry 2153 (class 0 OID 32891)
-- Dependencies: 172
-- Data for Name: document; Type: TABLE DATA; Schema: public; Owner: garage
--



--
-- TOC entry 2155 (class 0 OID 32900)
-- Dependencies: 174
-- Data for Name: document_folder; Type: TABLE DATA; Schema: public; Owner: garage
--



--
-- TOC entry 2255 (class 0 OID 0)
-- Dependencies: 173
-- Name: document_folder_id_seq; Type: SEQUENCE SET; Schema: public; Owner: garage
--

SELECT pg_catalog.setval('document_folder_id_seq', 1, false);


--
-- TOC entry 2256 (class 0 OID 0)
-- Dependencies: 171
-- Name: document_id_seq; Type: SEQUENCE SET; Schema: public; Owner: garage
--

SELECT pg_catalog.setval('document_id_seq', 1, false);


--
-- TOC entry 2157 (class 0 OID 32906)
-- Dependencies: 176
-- Data for Name: document_search; Type: TABLE DATA; Schema: public; Owner: garage
--



--
-- TOC entry 2257 (class 0 OID 0)
-- Dependencies: 175
-- Name: document_search_id_seq; Type: SEQUENCE SET; Schema: public; Owner: garage
--

SELECT pg_catalog.setval('document_search_id_seq', 1, false);


--
-- TOC entry 2159 (class 0 OID 32915)
-- Dependencies: 178
-- Data for Name: menu_handler; Type: TABLE DATA; Schema: public; Owner: garage
--

INSERT INTO menu_handler (id, title, controller) VALUES (1, 'Контент', 'Contentpage');
INSERT INTO menu_handler (id, title, controller) VALUES (2, 'Документы', 'Document');
INSERT INTO menu_handler (id, title, controller) VALUES (3, 'Новости', 'News');
INSERT INTO menu_handler (id, title, controller) VALUES (4, 'Обращения', 'Vote');
INSERT INTO menu_handler (id, title, controller) VALUES (6, 'Календарь', 'Calendar');


--
-- TOC entry 2258 (class 0 OID 0)
-- Dependencies: 177
-- Name: menu_handler_id_seq; Type: SEQUENCE SET; Schema: public; Owner: garage
--

SELECT pg_catalog.setval('menu_handler_id_seq', 6, true);


--
-- TOC entry 2161 (class 0 OID 32924)
-- Dependencies: 180
-- Data for Name: menu_item; Type: TABLE DATA; Schema: public; Owner: garage
--

INSERT INTO menu_item (id, title, link, parent_id, handler_id, is_visible, sort_order) VALUES (35, 'Главная страница', 'main_page', NULL, 1, B'0', 1);
INSERT INTO menu_item (id, title, link, parent_id, handler_id, is_visible, sort_order) VALUES (59, 'О нас', 'o_nas', NULL, 1, B'1', 1);
INSERT INTO menu_item (id, title, link, parent_id, handler_id, is_visible, sort_order) VALUES (71, 'Общая информация', 'obaya_inomaiya', 59, 1, B'1', 1);
INSERT INTO menu_item (id, title, link, parent_id, handler_id, is_visible, sort_order) VALUES (60, 'Новости', 'novoisti', NULL, 3, B'1', 2);
INSERT INTO menu_item (id, title, link, parent_id, handler_id, is_visible, sort_order) VALUES (61, 'Форум', 'fom', NULL, 1, B'1', 3);
INSERT INTO menu_item (id, title, link, parent_id, handler_id, is_visible, sort_order) VALUES (62, 'Календарь', 'kalenda', NULL, 6, B'1', 4);
INSERT INTO menu_item (id, title, link, parent_id, handler_id, is_visible, sort_order) VALUES (72, 'Ntcn', 'ntcn', 71, 1, B'1', 1);


--
-- TOC entry 2259 (class 0 OID 0)
-- Dependencies: 179
-- Name: menu_item_id_seq; Type: SEQUENCE SET; Schema: public; Owner: garage
--

SELECT pg_catalog.setval('menu_item_id_seq', 72, true);


--
-- TOC entry 2163 (class 0 OID 32935)
-- Dependencies: 182
-- Data for Name: menu_menu; Type: TABLE DATA; Schema: public; Owner: garage
--

INSERT INTO menu_menu (id, title, code) VALUES (16, 'Верхнее меню', 'verhnee_menu');
INSERT INTO menu_menu (id, title, code) VALUES (17, 'Нижнее меню', 'nijnee_menu');


--
-- TOC entry 2260 (class 0 OID 0)
-- Dependencies: 181
-- Name: menu_menu_id_seq; Type: SEQUENCE SET; Schema: public; Owner: garage
--

SELECT pg_catalog.setval('menu_menu_id_seq', 18, true);


--
-- TOC entry 2164 (class 0 OID 32942)
-- Dependencies: 183
-- Data for Name: menu_menu_item; Type: TABLE DATA; Schema: public; Owner: garage
--

INSERT INTO menu_menu_item (menu_id, item_id) VALUES (16, 59);
INSERT INTO menu_menu_item (menu_id, item_id) VALUES (16, 71);
INSERT INTO menu_menu_item (menu_id, item_id) VALUES (16, 60);
INSERT INTO menu_menu_item (menu_id, item_id) VALUES (16, 61);
INSERT INTO menu_menu_item (menu_id, item_id) VALUES (16, 62);
INSERT INTO menu_menu_item (menu_id, item_id) VALUES (16, 72);


--
-- TOC entry 2166 (class 0 OID 32947)
-- Dependencies: 185
-- Data for Name: news; Type: TABLE DATA; Schema: public; Owner: garage
--

INSERT INTO news (id, link_id, date_public, title, file, short_text, full_text, date_create, category_id) VALUES (8, 60, '2013-04-13 00:00:00', 'Событие', NULL, 'о опр опропро рпопро', '<p>рп орпорпопрп</p>
', '2013-04-13', 2);
INSERT INTO news (id, link_id, date_public, title, file, short_text, full_text, date_create, category_id) VALUES (7, 60, '2013-04-07 00:00:00', 'Проверка', NULL, 'Проверка сайта', '', '2013-04-07', 3);


--
-- TOC entry 2167 (class 0 OID 32954)
-- Dependencies: 186
-- Data for Name: news_category; Type: TABLE DATA; Schema: public; Owner: garage
--

INSERT INTO news_category (id, title, date_create) VALUES (3, 'Информация', '2013-04-13');
INSERT INTO news_category (id, title, date_create) VALUES (2, 'События', '2013-04-13');


--
-- TOC entry 2261 (class 0 OID 0)
-- Dependencies: 187
-- Name: news_category_id_seq; Type: SEQUENCE SET; Schema: public; Owner: garage
--

SELECT pg_catalog.setval('news_category_id_seq', 3, true);


--
-- TOC entry 2262 (class 0 OID 0)
-- Dependencies: 184
-- Name: news_id_seq; Type: SEQUENCE SET; Schema: public; Owner: garage
--

SELECT pg_catalog.setval('news_id_seq', 8, true);


--
-- TOC entry 2169 (class 0 OID 32959)
-- Dependencies: 188
-- Data for Name: partners; Type: TABLE DATA; Schema: public; Owner: garage
--

INSERT INTO partners (id, link_id, title, url, file, date_create) VALUES (1, NULL, 'Центр Digital October', 'digitaloctober.ru', 'img_16-04-2013-23-19-27.jpg', '2013-04-16');


--
-- TOC entry 2263 (class 0 OID 0)
-- Dependencies: 189
-- Name: partners_id_seq; Type: SEQUENCE SET; Schema: public; Owner: garage
--

SELECT pg_catalog.setval('partners_id_seq', 1, true);


--
-- TOC entry 2172 (class 0 OID 32969)
-- Dependencies: 191
-- Data for Name: phone; Type: TABLE DATA; Schema: public; Owner: garage
--

INSERT INTO phone (id, address, phone, post_index, date_create) VALUES (1, '', '', '', '2012-06-05');


--
-- TOC entry 2264 (class 0 OID 0)
-- Dependencies: 190
-- Name: phone_id_seq; Type: SEQUENCE SET; Schema: public; Owner: garage
--

SELECT pg_catalog.setval('phone_id_seq', 2, true);


--
-- TOC entry 2197 (class 0 OID 49169)
-- Dependencies: 216
-- Data for Name: project; Type: TABLE DATA; Schema: public; Owner: garage
--

INSERT INTO project (id, title, is_company, company_title, company_contact_fio, company_contact_phone, company_contact_email, description, resulting_products, basic_function, additional_features, potential_customers, analogs, branch_id, stage_id, requirements_id, requirements_text, date_create, direction_id) VALUES (1, 'captcha', false, '', '', '', '', 'captcha', 'captcha', 'captcha', 'captcha', 'captcha', 'captcha', 1, 1, 1, 'captcha', '2013-05-04', 1);


--
-- TOC entry 2189 (class 0 OID 40971)
-- Dependencies: 208
-- Data for Name: project_branch; Type: TABLE DATA; Schema: public; Owner: garage
--

INSERT INTO project_branch (id, title, date_create) VALUES (1, 'Авиационные и космические системы', '2013-04-25');
INSERT INTO project_branch (id, title, date_create) VALUES (2, 'Информационно-телекоммуникационные технологии', '2013-04-25');


--
-- TOC entry 2265 (class 0 OID 0)
-- Dependencies: 207
-- Name: project_branch_id_seq; Type: SEQUENCE SET; Schema: public; Owner: garage
--

SELECT pg_catalog.setval('project_branch_id_seq', 2, true);


--
-- TOC entry 2191 (class 0 OID 40979)
-- Dependencies: 210
-- Data for Name: project_direction; Type: TABLE DATA; Schema: public; Owner: garage
--

INSERT INTO project_direction (id, title, branch_id, date_create) VALUES (1, 'Спец. технологии', 1, '2013-04-25');


--
-- TOC entry 2266 (class 0 OID 0)
-- Dependencies: 209
-- Name: project_direction_id_seq; Type: SEQUENCE SET; Schema: public; Owner: garage
--

SELECT pg_catalog.setval('project_direction_id_seq', 1, true);


--
-- TOC entry 2267 (class 0 OID 0)
-- Dependencies: 215
-- Name: project_id_seq; Type: SEQUENCE SET; Schema: public; Owner: garage
--

SELECT pg_catalog.setval('project_id_seq', 1, true);


--
-- TOC entry 2195 (class 0 OID 41000)
-- Dependencies: 214
-- Data for Name: project_requirements; Type: TABLE DATA; Schema: public; Owner: garage
--

INSERT INTO project_requirements (id, title, date_create) VALUES (1, 'Деньги', '2013-05-04');


--
-- TOC entry 2268 (class 0 OID 0)
-- Dependencies: 213
-- Name: project_requirements_id_seq; Type: SEQUENCE SET; Schema: public; Owner: garage
--

SELECT pg_catalog.setval('project_requirements_id_seq', 1, true);


--
-- TOC entry 2193 (class 0 OID 40992)
-- Dependencies: 212
-- Data for Name: project_stage; Type: TABLE DATA; Schema: public; Owner: garage
--

INSERT INTO project_stage (id, title, date_create) VALUES (1, 'Только прототип', '2013-05-04');


--
-- TOC entry 2269 (class 0 OID 0)
-- Dependencies: 211
-- Name: project_stage_id_seq; Type: SEQUENCE SET; Schema: public; Owner: garage
--

SELECT pg_catalog.setval('project_stage_id_seq', 1, true);


--
-- TOC entry 2198 (class 0 OID 49198)
-- Dependencies: 217
-- Data for Name: project_user; Type: TABLE DATA; Schema: public; Owner: garage
--



--
-- TOC entry 2173 (class 0 OID 32976)
-- Dependencies: 192
-- Data for Name: tm_acl_role; Type: TABLE DATA; Schema: public; Owner: garage
--

INSERT INTO tm_acl_role (tm_user_role_id, tm_user_resource_id, is_allow, privileges) VALUES (1, 1, B'1', 'show');
INSERT INTO tm_acl_role (tm_user_role_id, tm_user_resource_id, is_allow, privileges) VALUES (1, 2, B'1', 'show');
INSERT INTO tm_acl_role (tm_user_role_id, tm_user_resource_id, is_allow, privileges) VALUES (1, 3, B'1', 'show');
INSERT INTO tm_acl_role (tm_user_role_id, tm_user_resource_id, is_allow, privileges) VALUES (1, 4, B'1', 'show');
INSERT INTO tm_acl_role (tm_user_role_id, tm_user_resource_id, is_allow, privileges) VALUES (1, 5, B'1', 'show');
INSERT INTO tm_acl_role (tm_user_role_id, tm_user_resource_id, is_allow, privileges) VALUES (1, 6, B'1', 'show');
INSERT INTO tm_acl_role (tm_user_role_id, tm_user_resource_id, is_allow, privileges) VALUES (1, 7, B'1', 'show');
INSERT INTO tm_acl_role (tm_user_role_id, tm_user_resource_id, is_allow, privileges) VALUES (1, 8, B'1', 'show');
INSERT INTO tm_acl_role (tm_user_role_id, tm_user_resource_id, is_allow, privileges) VALUES (1, 15, B'1', 'show,show-attribute-hash,show-attribute-type,show-resource,show-role');
INSERT INTO tm_acl_role (tm_user_role_id, tm_user_resource_id, is_allow, privileges) VALUES (1, 19, B'1', 'show');
INSERT INTO tm_acl_role (tm_user_role_id, tm_user_resource_id, is_allow, privileges) VALUES (1, 20, B'1', 'show');
INSERT INTO tm_acl_role (tm_user_role_id, tm_user_resource_id, is_allow, privileges) VALUES (1, 21, B'1', 'show');
INSERT INTO tm_acl_role (tm_user_role_id, tm_user_resource_id, is_allow, privileges) VALUES (1, 22, B'1', 'show');
INSERT INTO tm_acl_role (tm_user_role_id, tm_user_resource_id, is_allow, privileges) VALUES (1, 23, B'1', 'show');
INSERT INTO tm_acl_role (tm_user_role_id, tm_user_resource_id, is_allow, privileges) VALUES (1, 24, B'1', 'show');
INSERT INTO tm_acl_role (tm_user_role_id, tm_user_resource_id, is_allow, privileges) VALUES (1, 25, B'1', 'show');
INSERT INTO tm_acl_role (tm_user_role_id, tm_user_resource_id, is_allow, privileges) VALUES (1, 59, B'1', 'show');
INSERT INTO tm_acl_role (tm_user_role_id, tm_user_resource_id, is_allow, privileges) VALUES (1, 67, B'1', 'show');
INSERT INTO tm_acl_role (tm_user_role_id, tm_user_resource_id, is_allow, privileges) VALUES (1, 68, B'1', 'show');
INSERT INTO tm_acl_role (tm_user_role_id, tm_user_resource_id, is_allow, privileges) VALUES (1, 69, B'1', 'show');
INSERT INTO tm_acl_role (tm_user_role_id, tm_user_resource_id, is_allow, privileges) VALUES (1, 70, B'1', 'show');
INSERT INTO tm_acl_role (tm_user_role_id, tm_user_resource_id, is_allow, privileges) VALUES (1, 71, B'1', 'show');
INSERT INTO tm_acl_role (tm_user_role_id, tm_user_resource_id, is_allow, privileges) VALUES (1, 72, B'1', 'show');
INSERT INTO tm_acl_role (tm_user_role_id, tm_user_resource_id, is_allow, privileges) VALUES (1, 97, B'1', 'show');
INSERT INTO tm_acl_role (tm_user_role_id, tm_user_resource_id, is_allow, privileges) VALUES (1, 98, B'1', 'show');
INSERT INTO tm_acl_role (tm_user_role_id, tm_user_resource_id, is_allow, privileges) VALUES (1, 99, B'1', 'show');
INSERT INTO tm_acl_role (tm_user_role_id, tm_user_resource_id, is_allow, privileges) VALUES (5, 1, B'1', 'show');
INSERT INTO tm_acl_role (tm_user_role_id, tm_user_resource_id, is_allow, privileges) VALUES (5, 2, B'1', 'show');
INSERT INTO tm_acl_role (tm_user_role_id, tm_user_resource_id, is_allow, privileges) VALUES (5, 3, B'1', 'show');
INSERT INTO tm_acl_role (tm_user_role_id, tm_user_resource_id, is_allow, privileges) VALUES (5, 4, B'1', 'show');
INSERT INTO tm_acl_role (tm_user_role_id, tm_user_resource_id, is_allow, privileges) VALUES (5, 5, B'0', 'show');
INSERT INTO tm_acl_role (tm_user_role_id, tm_user_resource_id, is_allow, privileges) VALUES (5, 6, B'0', 'show');
INSERT INTO tm_acl_role (tm_user_role_id, tm_user_resource_id, is_allow, privileges) VALUES (5, 7, B'0', 'show');
INSERT INTO tm_acl_role (tm_user_role_id, tm_user_resource_id, is_allow, privileges) VALUES (5, 8, B'0', 'show');
INSERT INTO tm_acl_role (tm_user_role_id, tm_user_resource_id, is_allow, privileges) VALUES (5, 15, B'0', 'show');
INSERT INTO tm_acl_role (tm_user_role_id, tm_user_resource_id, is_allow, privileges) VALUES (5, 19, B'0', 'show');
INSERT INTO tm_acl_role (tm_user_role_id, tm_user_resource_id, is_allow, privileges) VALUES (5, 20, B'0', 'show');
INSERT INTO tm_acl_role (tm_user_role_id, tm_user_resource_id, is_allow, privileges) VALUES (5, 21, B'0', 'show');
INSERT INTO tm_acl_role (tm_user_role_id, tm_user_resource_id, is_allow, privileges) VALUES (5, 22, B'0', 'show');
INSERT INTO tm_acl_role (tm_user_role_id, tm_user_resource_id, is_allow, privileges) VALUES (5, 23, B'0', 'show');
INSERT INTO tm_acl_role (tm_user_role_id, tm_user_resource_id, is_allow, privileges) VALUES (5, 24, B'0', 'show');
INSERT INTO tm_acl_role (tm_user_role_id, tm_user_resource_id, is_allow, privileges) VALUES (5, 25, B'0', 'show');
INSERT INTO tm_acl_role (tm_user_role_id, tm_user_resource_id, is_allow, privileges) VALUES (5, 59, B'0', 'show');
INSERT INTO tm_acl_role (tm_user_role_id, tm_user_resource_id, is_allow, privileges) VALUES (5, 67, B'0', 'show');
INSERT INTO tm_acl_role (tm_user_role_id, tm_user_resource_id, is_allow, privileges) VALUES (5, 68, B'0', 'show');
INSERT INTO tm_acl_role (tm_user_role_id, tm_user_resource_id, is_allow, privileges) VALUES (5, 69, B'0', 'show');
INSERT INTO tm_acl_role (tm_user_role_id, tm_user_resource_id, is_allow, privileges) VALUES (5, 70, B'0', 'show');
INSERT INTO tm_acl_role (tm_user_role_id, tm_user_resource_id, is_allow, privileges) VALUES (5, 71, B'0', 'show');
INSERT INTO tm_acl_role (tm_user_role_id, tm_user_resource_id, is_allow, privileges) VALUES (5, 72, B'0', 'show');
INSERT INTO tm_acl_role (tm_user_role_id, tm_user_resource_id, is_allow, privileges) VALUES (5, 97, B'0', 'show');
INSERT INTO tm_acl_role (tm_user_role_id, tm_user_resource_id, is_allow, privileges) VALUES (5, 98, B'0', 'show');
INSERT INTO tm_acl_role (tm_user_role_id, tm_user_resource_id, is_allow, privileges) VALUES (5, 99, B'0', 'show');


--
-- TOC entry 2175 (class 0 OID 32982)
-- Dependencies: 194
-- Data for Name: tm_task_attribute_type; Type: TABLE DATA; Schema: public; Owner: garage
--

INSERT INTO tm_task_attribute_type (id, title, handler, description) VALUES (1, 'Строка', 'TM_Attribute_AttributeType', 'Любое строковое значение');
INSERT INTO tm_task_attribute_type (id, title, handler, description) VALUES (2, 'Текст', 'TM_Attribute_AttributeTypeText', 'Многострочный  текст');
INSERT INTO tm_task_attribute_type (id, title, handler, description) VALUES (3, 'Список', 'TM_Attribute_AttributeTypeList', 'Список из возможных вариантов');
INSERT INTO tm_task_attribute_type (id, title, handler, description) VALUES (4, 'Дата', 'TM_Attribute_AttributeTypeDate', '');
INSERT INTO tm_task_attribute_type (id, title, handler, description) VALUES (5, 'Список пользователей', 'TM_Attribute_AttributeTypeUserList', 'Список пользователей');
INSERT INTO tm_task_attribute_type (id, title, handler, description) VALUES (6, 'Условие с активным пользователем', 'TM_Attribute_AttributeTypeActiveUser', 'Условие с активным пользователем');
INSERT INTO tm_task_attribute_type (id, title, handler, description) VALUES (7, 'Список пользователей с активным пользователем', 'TM_Attribute_AttributeTypeActiveUserList', 'Список пользователей с активным пользователем');


--
-- TOC entry 2270 (class 0 OID 0)
-- Dependencies: 193
-- Name: tm_task_attribute_type_id_seq; Type: SEQUENCE SET; Schema: public; Owner: garage
--

SELECT pg_catalog.setval('tm_task_attribute_type_id_seq', 8, true);


--
-- TOC entry 2177 (class 0 OID 32988)
-- Dependencies: 196
-- Data for Name: tm_user; Type: TABLE DATA; Schema: public; Owner: garage
--

INSERT INTO tm_user (id, login, password, role_id, date_create) VALUES (1, 'admin', '123', 1, '2011-11-16 16:26:00');


--
-- TOC entry 2178 (class 0 OID 32992)
-- Dependencies: 197
-- Data for Name: tm_user_attribute; Type: TABLE DATA; Schema: public; Owner: garage
--



--
-- TOC entry 2180 (class 0 OID 33001)
-- Dependencies: 199
-- Data for Name: tm_user_attribute_type; Type: TABLE DATA; Schema: public; Owner: garage
--

INSERT INTO tm_user_attribute_type (id, title, handler, description) VALUES (1, 'Строка', 'TM_Attribute_AttributeType', 'Любое строковое значение');
INSERT INTO tm_user_attribute_type (id, title, handler, description) VALUES (2, 'Текст', 'TM_Attribute_AttributeTypeText', 'Многострочный  текст');
INSERT INTO tm_user_attribute_type (id, title, handler, description) VALUES (3, 'Список', 'TM_Attribute_AttributeTypeList', 'Список из возможных вариантов');


--
-- TOC entry 2271 (class 0 OID 0)
-- Dependencies: 198
-- Name: tm_user_attribute_type_id_seq; Type: SEQUENCE SET; Schema: public; Owner: garage
--

SELECT pg_catalog.setval('tm_user_attribute_type_id_seq', 4, true);


--
-- TOC entry 2181 (class 0 OID 33005)
-- Dependencies: 200
-- Data for Name: tm_user_hash; Type: TABLE DATA; Schema: public; Owner: garage
--

INSERT INTO tm_user_hash (user_id, attribute_key, title, type_id, list_value) VALUES (NULL, 'name', 'Имя', 1, ' ');


--
-- TOC entry 2272 (class 0 OID 0)
-- Dependencies: 195
-- Name: tm_user_id_seq; Type: SEQUENCE SET; Schema: public; Owner: garage
--

SELECT pg_catalog.setval('tm_user_id_seq', 2, true);


--
-- TOC entry 2182 (class 0 OID 33011)
-- Dependencies: 201
-- Data for Name: tm_user_profile; Type: TABLE DATA; Schema: public; Owner: garage
--



--
-- TOC entry 2184 (class 0 OID 33019)
-- Dependencies: 203
-- Data for Name: tm_user_resource; Type: TABLE DATA; Schema: public; Owner: garage
--

INSERT INTO tm_user_resource (id, title, rtitle) VALUES (1, 'login', 'Вход');
INSERT INTO tm_user_resource (id, title, rtitle) VALUES (2, 'login/index', 'Вход');
INSERT INTO tm_user_resource (id, title, rtitle) VALUES (3, 'login/logout', 'Выход');
INSERT INTO tm_user_resource (id, title, rtitle) VALUES (4, 'index/index', 'Главная');
INSERT INTO tm_user_resource (id, title, rtitle) VALUES (5, 'user', 'Пользователи');
INSERT INTO tm_user_resource (id, title, rtitle) VALUES (6, 'user/add', '');
INSERT INTO tm_user_resource (id, title, rtitle) VALUES (7, 'user/edit', 'Пользователи/Редактировать');
INSERT INTO tm_user_resource (id, title, rtitle) VALUES (8, 'user/delete', '');
INSERT INTO tm_user_resource (id, title, rtitle) VALUES (15, 'user/index', 'Пользователи');
INSERT INTO tm_user_resource (id, title, rtitle) VALUES (19, 'user/addRole', 'Пользователи/Добавить роль');
INSERT INTO tm_user_resource (id, title, rtitle) VALUES (20, 'user/editRole', '');
INSERT INTO tm_user_resource (id, title, rtitle) VALUES (21, 'user/deleteRole', '');
INSERT INTO tm_user_resource (id, title, rtitle) VALUES (22, 'user/addResource', '');
INSERT INTO tm_user_resource (id, title, rtitle) VALUES (23, 'user/editResource', '');
INSERT INTO tm_user_resource (id, title, rtitle) VALUES (24, 'user/deleteResource', '');
INSERT INTO tm_user_resource (id, title, rtitle) VALUES (25, 'user/fillResource', '');
INSERT INTO tm_user_resource (id, title, rtitle) VALUES (59, 'user/showRoleAcl', '');
INSERT INTO tm_user_resource (id, title, rtitle) VALUES (67, 'user/addAttributeType', '');
INSERT INTO tm_user_resource (id, title, rtitle) VALUES (68, 'user/editAttributeType', '');
INSERT INTO tm_user_resource (id, title, rtitle) VALUES (69, 'user/deleteAttributeType', '');
INSERT INTO tm_user_resource (id, title, rtitle) VALUES (70, 'user/addAttributeHash', '');
INSERT INTO tm_user_resource (id, title, rtitle) VALUES (71, 'user/editAttributeHash', '');
INSERT INTO tm_user_resource (id, title, rtitle) VALUES (72, 'user/deleteAttributeHash', '');
INSERT INTO tm_user_resource (id, title, rtitle) VALUES (97, 'user/viewAttributeType', 'Пользователи/Показать типы атрибутов');
INSERT INTO tm_user_resource (id, title, rtitle) VALUES (98, 'user/viewResource', 'Пользователи/Показать ресурсы');
INSERT INTO tm_user_resource (id, title, rtitle) VALUES (99, 'user/viewHash', 'Пользователи/Показать список атрибутов');


--
-- TOC entry 2273 (class 0 OID 0)
-- Dependencies: 202
-- Name: tm_user_resource_id_seq; Type: SEQUENCE SET; Schema: public; Owner: garage
--

SELECT pg_catalog.setval('tm_user_resource_id_seq', 100, true);


--
-- TOC entry 2186 (class 0 OID 33025)
-- Dependencies: 205
-- Data for Name: tm_user_role; Type: TABLE DATA; Schema: public; Owner: garage
--

INSERT INTO tm_user_role (id, title, rtitle) VALUES (1, 'admin', 'Администратор');
INSERT INTO tm_user_role (id, title, rtitle) VALUES (5, 'guest', 'Гость');


--
-- TOC entry 2274 (class 0 OID 0)
-- Dependencies: 204
-- Name: tm_user_role_id_seq; Type: SEQUENCE SET; Schema: public; Owner: garage
--

SELECT pg_catalog.setval('tm_user_role_id_seq', 6, true);


--
-- TOC entry 2187 (class 0 OID 33029)
-- Dependencies: 206
-- Data for Name: vote_email; Type: TABLE DATA; Schema: public; Owner: garage
--

INSERT INTO vote_email (link_id, val) VALUES (34, 'ivan87kharlampenkov@gmail.com');


--
-- TOC entry 2070 (class 2606 OID 33037)
-- Name: banner_pkey; Type: CONSTRAINT; Schema: public; Owner: garage; Tablespace: 
--

ALTER TABLE ONLY banner
    ADD CONSTRAINT banner_pkey PRIMARY KEY (id);


--
-- TOC entry 2072 (class 2606 OID 33039)
-- Name: banner_place_pkey; Type: CONSTRAINT; Schema: public; Owner: garage; Tablespace: 
--

ALTER TABLE ONLY banner_place
    ADD CONSTRAINT banner_place_pkey PRIMARY KEY (banner_id, bplace_id);


--
-- TOC entry 2074 (class 2606 OID 33041)
-- Name: bplace_pkey; Type: CONSTRAINT; Schema: public; Owner: garage; Tablespace: 
--

ALTER TABLE ONLY bplace
    ADD CONSTRAINT bplace_pkey PRIMARY KEY (id);


--
-- TOC entry 2078 (class 2606 OID 33043)
-- Name: calendar_category_pkey; Type: CONSTRAINT; Schema: public; Owner: garage; Tablespace: 
--

ALTER TABLE ONLY calendar_category
    ADD CONSTRAINT calendar_category_pkey PRIMARY KEY (id);


--
-- TOC entry 2076 (class 2606 OID 33045)
-- Name: calendar_pkey; Type: CONSTRAINT; Schema: public; Owner: garage; Tablespace: 
--

ALTER TABLE ONLY calendar
    ADD CONSTRAINT calendar_pkey PRIMARY KEY (id);


--
-- TOC entry 2080 (class 2606 OID 33047)
-- Name: content_page_pkey; Type: CONSTRAINT; Schema: public; Owner: garage; Tablespace: 
--

ALTER TABLE ONLY content_page
    ADD CONSTRAINT content_page_pkey PRIMARY KEY (page_title);


--
-- TOC entry 2084 (class 2606 OID 33049)
-- Name: document_folder_pkey; Type: CONSTRAINT; Schema: public; Owner: garage; Tablespace: 
--

ALTER TABLE ONLY document_folder
    ADD CONSTRAINT document_folder_pkey PRIMARY KEY (id);


--
-- TOC entry 2082 (class 2606 OID 33051)
-- Name: document_pkey; Type: CONSTRAINT; Schema: public; Owner: garage; Tablespace: 
--

ALTER TABLE ONLY document
    ADD CONSTRAINT document_pkey PRIMARY KEY (id);


--
-- TOC entry 2086 (class 2606 OID 33053)
-- Name: document_search_pkey; Type: CONSTRAINT; Schema: public; Owner: garage; Tablespace: 
--

ALTER TABLE ONLY document_search
    ADD CONSTRAINT document_search_pkey PRIMARY KEY (id);


--
-- TOC entry 2088 (class 2606 OID 33055)
-- Name: menu_handler_pkey; Type: CONSTRAINT; Schema: public; Owner: garage; Tablespace: 
--

ALTER TABLE ONLY menu_handler
    ADD CONSTRAINT menu_handler_pkey PRIMARY KEY (id);


--
-- TOC entry 2090 (class 2606 OID 33057)
-- Name: menu_item_pkey; Type: CONSTRAINT; Schema: public; Owner: garage; Tablespace: 
--

ALTER TABLE ONLY menu_item
    ADD CONSTRAINT menu_item_pkey PRIMARY KEY (id);


--
-- TOC entry 2094 (class 2606 OID 33059)
-- Name: menu_menu_item_pkey; Type: CONSTRAINT; Schema: public; Owner: garage; Tablespace: 
--

ALTER TABLE ONLY menu_menu_item
    ADD CONSTRAINT menu_menu_item_pkey PRIMARY KEY (menu_id, item_id);


--
-- TOC entry 2092 (class 2606 OID 33061)
-- Name: menu_menu_pkey; Type: CONSTRAINT; Schema: public; Owner: garage; Tablespace: 
--

ALTER TABLE ONLY menu_menu
    ADD CONSTRAINT menu_menu_pkey PRIMARY KEY (id);


--
-- TOC entry 2098 (class 2606 OID 33063)
-- Name: news_category_pkey; Type: CONSTRAINT; Schema: public; Owner: garage; Tablespace: 
--

ALTER TABLE ONLY news_category
    ADD CONSTRAINT news_category_pkey PRIMARY KEY (id);


--
-- TOC entry 2096 (class 2606 OID 33065)
-- Name: news_pkey; Type: CONSTRAINT; Schema: public; Owner: garage; Tablespace: 
--

ALTER TABLE ONLY news
    ADD CONSTRAINT news_pkey PRIMARY KEY (id);


--
-- TOC entry 2100 (class 2606 OID 33067)
-- Name: partners_pkey; Type: CONSTRAINT; Schema: public; Owner: garage; Tablespace: 
--

ALTER TABLE ONLY partners
    ADD CONSTRAINT partners_pkey PRIMARY KEY (id);


--
-- TOC entry 2102 (class 2606 OID 33069)
-- Name: phone_pkey; Type: CONSTRAINT; Schema: public; Owner: garage; Tablespace: 
--

ALTER TABLE ONLY phone
    ADD CONSTRAINT phone_pkey PRIMARY KEY (id);


--
-- TOC entry 2114 (class 2606 OID 40976)
-- Name: project_branch_pkey; Type: CONSTRAINT; Schema: public; Owner: garage; Tablespace: 
--

ALTER TABLE ONLY project_branch
    ADD CONSTRAINT project_branch_pkey PRIMARY KEY (id);


--
-- TOC entry 2116 (class 2606 OID 40984)
-- Name: project_direction_pkey; Type: CONSTRAINT; Schema: public; Owner: garage; Tablespace: 
--

ALTER TABLE ONLY project_direction
    ADD CONSTRAINT project_direction_pkey PRIMARY KEY (id);


--
-- TOC entry 2122 (class 2606 OID 49178)
-- Name: project_pkey; Type: CONSTRAINT; Schema: public; Owner: garage; Tablespace: 
--

ALTER TABLE ONLY project
    ADD CONSTRAINT project_pkey PRIMARY KEY (id);


--
-- TOC entry 2120 (class 2606 OID 41005)
-- Name: project_requirements_pkey; Type: CONSTRAINT; Schema: public; Owner: garage; Tablespace: 
--

ALTER TABLE ONLY project_requirements
    ADD CONSTRAINT project_requirements_pkey PRIMARY KEY (id);


--
-- TOC entry 2118 (class 2606 OID 40997)
-- Name: project_stage_pkey; Type: CONSTRAINT; Schema: public; Owner: garage; Tablespace: 
--

ALTER TABLE ONLY project_stage
    ADD CONSTRAINT project_stage_pkey PRIMARY KEY (id);


--
-- TOC entry 2124 (class 2606 OID 49203)
-- Name: project_user_pkey; Type: CONSTRAINT; Schema: public; Owner: garage; Tablespace: 
--

ALTER TABLE ONLY project_user
    ADD CONSTRAINT project_user_pkey PRIMARY KEY (project_id, user_id);


--
-- TOC entry 2104 (class 2606 OID 33071)
-- Name: tm_task_attribute_type_pkey; Type: CONSTRAINT; Schema: public; Owner: garage; Tablespace: 
--

ALTER TABLE ONLY tm_task_attribute_type
    ADD CONSTRAINT tm_task_attribute_type_pkey PRIMARY KEY (id);


--
-- TOC entry 2108 (class 2606 OID 33073)
-- Name: tm_user_attribute_type_pkey; Type: CONSTRAINT; Schema: public; Owner: garage; Tablespace: 
--

ALTER TABLE ONLY tm_user_attribute_type
    ADD CONSTRAINT tm_user_attribute_type_pkey PRIMARY KEY (id);


--
-- TOC entry 2106 (class 2606 OID 33075)
-- Name: tm_user_pkey; Type: CONSTRAINT; Schema: public; Owner: garage; Tablespace: 
--

ALTER TABLE ONLY tm_user
    ADD CONSTRAINT tm_user_pkey PRIMARY KEY (id);


--
-- TOC entry 2110 (class 2606 OID 33077)
-- Name: tm_user_resource_pkey; Type: CONSTRAINT; Schema: public; Owner: garage; Tablespace: 
--

ALTER TABLE ONLY tm_user_resource
    ADD CONSTRAINT tm_user_resource_pkey PRIMARY KEY (id);


--
-- TOC entry 2112 (class 2606 OID 33079)
-- Name: tm_user_role_pkey; Type: CONSTRAINT; Schema: public; Owner: garage; Tablespace: 
--

ALTER TABLE ONLY tm_user_role
    ADD CONSTRAINT tm_user_role_pkey PRIMARY KEY (id);


--
-- TOC entry 2125 (class 2606 OID 33080)
-- Name: banner_place_banner_id_fkey; Type: FK CONSTRAINT; Schema: public; Owner: garage
--

ALTER TABLE ONLY banner_place
    ADD CONSTRAINT banner_place_banner_id_fkey FOREIGN KEY (banner_id) REFERENCES banner(id) ON UPDATE RESTRICT ON DELETE RESTRICT;


--
-- TOC entry 2126 (class 2606 OID 33085)
-- Name: banner_place_bplace_id_fkey; Type: FK CONSTRAINT; Schema: public; Owner: garage
--

ALTER TABLE ONLY banner_place
    ADD CONSTRAINT banner_place_bplace_id_fkey FOREIGN KEY (bplace_id) REFERENCES bplace(id) ON UPDATE RESTRICT ON DELETE RESTRICT;


--
-- TOC entry 2127 (class 2606 OID 33090)
-- Name: calendar_category_id_fkey; Type: FK CONSTRAINT; Schema: public; Owner: garage
--

ALTER TABLE ONLY calendar
    ADD CONSTRAINT calendar_category_id_fkey FOREIGN KEY (category_id) REFERENCES calendar_category(id) ON UPDATE SET NULL ON DELETE SET NULL;


--
-- TOC entry 2128 (class 2606 OID 33095)
-- Name: content_page_parent_page_fkey; Type: FK CONSTRAINT; Schema: public; Owner: garage
--

ALTER TABLE ONLY content_page
    ADD CONSTRAINT content_page_parent_page_fkey FOREIGN KEY (parent_page) REFERENCES content_page(page_title) ON UPDATE CASCADE ON DELETE CASCADE;


--
-- TOC entry 2129 (class 2606 OID 33100)
-- Name: document_parent_id_fkey; Type: FK CONSTRAINT; Schema: public; Owner: garage
--

ALTER TABLE ONLY document
    ADD CONSTRAINT document_parent_id_fkey FOREIGN KEY (parent_id) REFERENCES document_folder(id) ON UPDATE CASCADE ON DELETE RESTRICT;


--
-- TOC entry 2130 (class 2606 OID 33105)
-- Name: menu_item_handler_id_fkey; Type: FK CONSTRAINT; Schema: public; Owner: garage
--

ALTER TABLE ONLY menu_item
    ADD CONSTRAINT menu_item_handler_id_fkey FOREIGN KEY (handler_id) REFERENCES menu_handler(id) ON UPDATE CASCADE ON DELETE RESTRICT;


--
-- TOC entry 2131 (class 2606 OID 33110)
-- Name: menu_item_parent_id_fkey; Type: FK CONSTRAINT; Schema: public; Owner: garage
--

ALTER TABLE ONLY menu_item
    ADD CONSTRAINT menu_item_parent_id_fkey FOREIGN KEY (parent_id) REFERENCES menu_item(id) ON UPDATE CASCADE ON DELETE RESTRICT;


--
-- TOC entry 2132 (class 2606 OID 33115)
-- Name: menu_menu_item_item_id_fkey; Type: FK CONSTRAINT; Schema: public; Owner: garage
--

ALTER TABLE ONLY menu_menu_item
    ADD CONSTRAINT menu_menu_item_item_id_fkey FOREIGN KEY (item_id) REFERENCES menu_item(id) ON UPDATE CASCADE ON DELETE RESTRICT;


--
-- TOC entry 2133 (class 2606 OID 33120)
-- Name: menu_menu_item_menu_id_fkey; Type: FK CONSTRAINT; Schema: public; Owner: garage
--

ALTER TABLE ONLY menu_menu_item
    ADD CONSTRAINT menu_menu_item_menu_id_fkey FOREIGN KEY (menu_id) REFERENCES menu_menu(id) ON UPDATE CASCADE ON DELETE RESTRICT;


--
-- TOC entry 2134 (class 2606 OID 33125)
-- Name: news_category_id_fkey; Type: FK CONSTRAINT; Schema: public; Owner: garage
--

ALTER TABLE ONLY news
    ADD CONSTRAINT news_category_id_fkey FOREIGN KEY (category_id) REFERENCES news_category(id) ON UPDATE SET NULL ON DELETE SET NULL;


--
-- TOC entry 2135 (class 2606 OID 33130)
-- Name: partners_link_id_fkey; Type: FK CONSTRAINT; Schema: public; Owner: garage
--

ALTER TABLE ONLY partners
    ADD CONSTRAINT partners_link_id_fkey FOREIGN KEY (link_id) REFERENCES menu_item(id) ON UPDATE CASCADE ON DELETE SET NULL;


--
-- TOC entry 2137 (class 2606 OID 49179)
-- Name: project_branch_id_fkey; Type: FK CONSTRAINT; Schema: public; Owner: garage
--

ALTER TABLE ONLY project
    ADD CONSTRAINT project_branch_id_fkey FOREIGN KEY (branch_id) REFERENCES project_branch(id) ON UPDATE CASCADE ON DELETE RESTRICT;


--
-- TOC entry 2136 (class 2606 OID 40985)
-- Name: project_direction_branch_id_fkey; Type: FK CONSTRAINT; Schema: public; Owner: garage
--

ALTER TABLE ONLY project_direction
    ADD CONSTRAINT project_direction_branch_id_fkey FOREIGN KEY (branch_id) REFERENCES project_branch(id) ON UPDATE CASCADE ON DELETE SET NULL;


--
-- TOC entry 2138 (class 2606 OID 49184)
-- Name: project_requirements_id_fkey; Type: FK CONSTRAINT; Schema: public; Owner: garage
--

ALTER TABLE ONLY project
    ADD CONSTRAINT project_requirements_id_fkey FOREIGN KEY (requirements_id) REFERENCES project_requirements(id) ON UPDATE CASCADE ON DELETE RESTRICT;


--
-- TOC entry 2139 (class 2606 OID 49189)
-- Name: project_stage_id_fkey; Type: FK CONSTRAINT; Schema: public; Owner: garage
--

ALTER TABLE ONLY project
    ADD CONSTRAINT project_stage_id_fkey FOREIGN KEY (stage_id) REFERENCES project_stage(id) ON UPDATE CASCADE ON DELETE RESTRICT;


--
-- TOC entry 2140 (class 2606 OID 49204)
-- Name: project_user_project_id_fkey; Type: FK CONSTRAINT; Schema: public; Owner: garage
--

ALTER TABLE ONLY project_user
    ADD CONSTRAINT project_user_project_id_fkey FOREIGN KEY (project_id) REFERENCES project(id) ON UPDATE CASCADE ON DELETE RESTRICT;


--
-- TOC entry 2141 (class 2606 OID 49209)
-- Name: project_user_user_id_fkey; Type: FK CONSTRAINT; Schema: public; Owner: garage
--

ALTER TABLE ONLY project_user
    ADD CONSTRAINT project_user_user_id_fkey FOREIGN KEY (user_id) REFERENCES tm_user(id) ON UPDATE RESTRICT ON DELETE RESTRICT;


--
-- TOC entry 2205 (class 0 OID 0)
-- Dependencies: 6
-- Name: public; Type: ACL; Schema: -; Owner: postgres
--

REVOKE ALL ON SCHEMA public FROM PUBLIC;
REVOKE ALL ON SCHEMA public FROM postgres;
GRANT ALL ON SCHEMA public TO postgres;
GRANT ALL ON SCHEMA public TO PUBLIC;


-- Completed on 2013-05-05 11:55:55

--
-- PostgreSQL database dump complete
--

