--
-- PostgreSQL database dump
--

-- Dumped from database version 9.1.9
-- Dumped by pg_dump version 9.2.2
-- Started on 2013-04-14 22:17:59

SET statement_timeout = 0;
SET client_encoding = 'UTF8';
SET standard_conforming_strings = on;
SET check_function_bodies = false;
SET client_min_messages = warning;

--
-- TOC entry 205 (class 3079 OID 11639)
-- Name: plpgsql; Type: EXTENSION; Schema: -; Owner: 
--

CREATE EXTENSION IF NOT EXISTS plpgsql WITH SCHEMA pg_catalog;


--
-- TOC entry 2121 (class 0 OID 0)
-- Dependencies: 205
-- Name: EXTENSION plpgsql; Type: COMMENT; Schema: -; Owner: 
--

COMMENT ON EXTENSION plpgsql IS 'PL/pgSQL procedural language';


SET search_path = public, pg_catalog;

--
-- TOC entry 161 (class 1259 OID 16396)
-- Name: banner_id_seq; Type: SEQUENCE; Schema: public; Owner: garage
--

CREATE SEQUENCE banner_id_seq
    START WITH 1
    INCREMENT BY 1
    NO MINVALUE
    NO MAXVALUE
    CACHE 1;


ALTER TABLE public.banner_id_seq OWNER TO garage;

SET default_tablespace = '';

SET default_with_oids = false;

--
-- TOC entry 162 (class 1259 OID 16398)
-- Name: banner; Type: TABLE; Schema: public; Owner: garage; Tablespace: 
--

CREATE TABLE banner (
    id bigint DEFAULT nextval('banner_id_seq'::regclass) NOT NULL,
    img character varying(255) NOT NULL,
    link character varying(255) NOT NULL,
    title character varying(255) NOT NULL
);


ALTER TABLE public.banner OWNER TO garage;

--
-- TOC entry 163 (class 1259 OID 16405)
-- Name: banner_place; Type: TABLE; Schema: public; Owner: garage; Tablespace: 
--

CREATE TABLE banner_place (
    banner_id bigint NOT NULL,
    bplace_id bigint NOT NULL
);


ALTER TABLE public.banner_place OWNER TO garage;

--
-- TOC entry 164 (class 1259 OID 16408)
-- Name: bplace_id_seq; Type: SEQUENCE; Schema: public; Owner: garage
--

CREATE SEQUENCE bplace_id_seq
    START WITH 1
    INCREMENT BY 1
    NO MINVALUE
    NO MAXVALUE
    CACHE 1;


ALTER TABLE public.bplace_id_seq OWNER TO garage;

--
-- TOC entry 165 (class 1259 OID 16410)
-- Name: bplace; Type: TABLE; Schema: public; Owner: garage; Tablespace: 
--

CREATE TABLE bplace (
    id bigint DEFAULT nextval('bplace_id_seq'::regclass) NOT NULL,
    title character varying(255) NOT NULL,
    width bigint NOT NULL,
    height bigint NOT NULL,
    change_time bigint DEFAULT (5)::bigint NOT NULL
);


ALTER TABLE public.bplace OWNER TO garage;

--
-- TOC entry 204 (class 1259 OID 32809)
-- Name: calendar; Type: TABLE; Schema: public; Owner: garage; Tablespace: 
--

CREATE TABLE calendar (
    id bigint NOT NULL,
    link_id bigint NOT NULL,
    date_event date NOT NULL,
    time_event time without time zone,
    title character varying(255) NOT NULL,
    file character varying(255),
    place character varying(255),
    short_text text,
    full_text text,
    date_create date NOT NULL,
    category_id bigint
);


ALTER TABLE public.calendar OWNER TO garage;

--
-- TOC entry 2122 (class 0 OID 0)
-- Dependencies: 204
-- Name: TABLE calendar; Type: COMMENT; Schema: public; Owner: garage
--

COMMENT ON TABLE calendar IS 'Календари';


--
-- TOC entry 202 (class 1259 OID 32801)
-- Name: calendar_category; Type: TABLE; Schema: public; Owner: garage; Tablespace: 
--

CREATE TABLE calendar_category (
    id bigint NOT NULL,
    title character varying(255),
    date_create date NOT NULL
);


ALTER TABLE public.calendar_category OWNER TO garage;

--
-- TOC entry 2123 (class 0 OID 0)
-- Dependencies: 202
-- Name: TABLE calendar_category; Type: COMMENT; Schema: public; Owner: garage
--

COMMENT ON TABLE calendar_category IS 'Таблица категорий календаря';


--
-- TOC entry 201 (class 1259 OID 32799)
-- Name: calendar_category_id_seq; Type: SEQUENCE; Schema: public; Owner: garage
--

CREATE SEQUENCE calendar_category_id_seq
    START WITH 1
    INCREMENT BY 1
    NO MINVALUE
    NO MAXVALUE
    CACHE 1;


ALTER TABLE public.calendar_category_id_seq OWNER TO garage;

--
-- TOC entry 2124 (class 0 OID 0)
-- Dependencies: 201
-- Name: calendar_category_id_seq; Type: SEQUENCE OWNED BY; Schema: public; Owner: garage
--

ALTER SEQUENCE calendar_category_id_seq OWNED BY calendar_category.id;


--
-- TOC entry 203 (class 1259 OID 32807)
-- Name: calendar_id_seq; Type: SEQUENCE; Schema: public; Owner: garage
--

CREATE SEQUENCE calendar_id_seq
    START WITH 1
    INCREMENT BY 1
    NO MINVALUE
    NO MAXVALUE
    CACHE 1;


ALTER TABLE public.calendar_id_seq OWNER TO garage;

--
-- TOC entry 2125 (class 0 OID 0)
-- Dependencies: 203
-- Name: calendar_id_seq; Type: SEQUENCE OWNED BY; Schema: public; Owner: garage
--

ALTER SEQUENCE calendar_id_seq OWNED BY calendar.id;


--
-- TOC entry 166 (class 1259 OID 16415)
-- Name: content_page; Type: TABLE; Schema: public; Owner: garage; Tablespace: 
--

CREATE TABLE content_page (
    link_id bigint,
    page_title character varying(255) NOT NULL,
    parent_page character varying(255),
    title character varying(255) NOT NULL,
    content text
);


ALTER TABLE public.content_page OWNER TO garage;

--
-- TOC entry 2126 (class 0 OID 0)
-- Dependencies: 166
-- Name: COLUMN content_page.page_title; Type: COMMENT; Schema: public; Owner: garage
--

COMMENT ON COLUMN content_page.page_title IS 'английское название для системы';


--
-- TOC entry 167 (class 1259 OID 16421)
-- Name: document_id_seq; Type: SEQUENCE; Schema: public; Owner: garage
--

CREATE SEQUENCE document_id_seq
    START WITH 1
    INCREMENT BY 1
    NO MINVALUE
    NO MAXVALUE
    CACHE 1;


ALTER TABLE public.document_id_seq OWNER TO garage;

--
-- TOC entry 168 (class 1259 OID 16423)
-- Name: document; Type: TABLE; Schema: public; Owner: garage; Tablespace: 
--

CREATE TABLE document (
    id bigint DEFAULT nextval('document_id_seq'::regclass) NOT NULL,
    link_id bigint NOT NULL,
    parent_id bigint,
    title character varying(255) NOT NULL,
    short_text text,
    full_text text NOT NULL,
    file character varying(255),
    date_create date NOT NULL
);


ALTER TABLE public.document OWNER TO garage;

--
-- TOC entry 169 (class 1259 OID 16430)
-- Name: document_folder_id_seq; Type: SEQUENCE; Schema: public; Owner: garage
--

CREATE SEQUENCE document_folder_id_seq
    START WITH 1
    INCREMENT BY 1
    NO MINVALUE
    NO MAXVALUE
    CACHE 1;


ALTER TABLE public.document_folder_id_seq OWNER TO garage;

--
-- TOC entry 170 (class 1259 OID 16432)
-- Name: document_folder; Type: TABLE; Schema: public; Owner: garage; Tablespace: 
--

CREATE TABLE document_folder (
    id bigint DEFAULT nextval('document_folder_id_seq'::regclass) NOT NULL,
    link_id bigint NOT NULL,
    parent_id bigint,
    title character varying(255) NOT NULL,
    date_create date NOT NULL
);


ALTER TABLE public.document_folder OWNER TO garage;

--
-- TOC entry 171 (class 1259 OID 16436)
-- Name: document_search_id_seq; Type: SEQUENCE; Schema: public; Owner: garage
--

CREATE SEQUENCE document_search_id_seq
    START WITH 1
    INCREMENT BY 1
    NO MINVALUE
    NO MAXVALUE
    CACHE 1;


ALTER TABLE public.document_search_id_seq OWNER TO garage;

--
-- TOC entry 172 (class 1259 OID 16438)
-- Name: document_search; Type: TABLE; Schema: public; Owner: garage; Tablespace: 
--

CREATE TABLE document_search (
    id bigint DEFAULT nextval('document_search_id_seq'::regclass) NOT NULL,
    search_text text NOT NULL
);


ALTER TABLE public.document_search OWNER TO garage;

--
-- TOC entry 173 (class 1259 OID 16445)
-- Name: menu_handler_id_seq; Type: SEQUENCE; Schema: public; Owner: garage
--

CREATE SEQUENCE menu_handler_id_seq
    START WITH 1
    INCREMENT BY 1
    NO MINVALUE
    NO MAXVALUE
    CACHE 1;


ALTER TABLE public.menu_handler_id_seq OWNER TO garage;

--
-- TOC entry 174 (class 1259 OID 16447)
-- Name: menu_handler; Type: TABLE; Schema: public; Owner: garage; Tablespace: 
--

CREATE TABLE menu_handler (
    id bigint DEFAULT nextval('menu_handler_id_seq'::regclass) NOT NULL,
    title character varying(255) NOT NULL,
    controller character varying(255) NOT NULL
);


ALTER TABLE public.menu_handler OWNER TO garage;

--
-- TOC entry 175 (class 1259 OID 16454)
-- Name: menu_item_id_seq; Type: SEQUENCE; Schema: public; Owner: garage
--

CREATE SEQUENCE menu_item_id_seq
    START WITH 1
    INCREMENT BY 1
    NO MINVALUE
    NO MAXVALUE
    CACHE 1;


ALTER TABLE public.menu_item_id_seq OWNER TO garage;

--
-- TOC entry 176 (class 1259 OID 16456)
-- Name: menu_item; Type: TABLE; Schema: public; Owner: garage; Tablespace: 
--

CREATE TABLE menu_item (
    id bigint DEFAULT nextval('menu_item_id_seq'::regclass) NOT NULL,
    title character varying(255) NOT NULL,
    link character varying(255) NOT NULL,
    parent_id bigint,
    handler_id bigint NOT NULL,
    is_visible bit(1) DEFAULT B'1'::"bit" NOT NULL,
    sort_order integer DEFAULT 1
);


ALTER TABLE public.menu_item OWNER TO garage;

--
-- TOC entry 2127 (class 0 OID 0)
-- Dependencies: 176
-- Name: COLUMN menu_item.sort_order; Type: COMMENT; Schema: public; Owner: garage
--

COMMENT ON COLUMN menu_item.sort_order IS 'Порядок вывода элементов';


--
-- TOC entry 177 (class 1259 OID 16464)
-- Name: menu_menu_id_seq; Type: SEQUENCE; Schema: public; Owner: garage
--

CREATE SEQUENCE menu_menu_id_seq
    START WITH 1
    INCREMENT BY 1
    NO MINVALUE
    NO MAXVALUE
    CACHE 1;


ALTER TABLE public.menu_menu_id_seq OWNER TO garage;

--
-- TOC entry 178 (class 1259 OID 16466)
-- Name: menu_menu; Type: TABLE; Schema: public; Owner: garage; Tablespace: 
--

CREATE TABLE menu_menu (
    id bigint DEFAULT nextval('menu_menu_id_seq'::regclass) NOT NULL,
    title character varying(255) NOT NULL,
    code character varying(255) NOT NULL
);


ALTER TABLE public.menu_menu OWNER TO garage;

--
-- TOC entry 179 (class 1259 OID 16473)
-- Name: menu_menu_item; Type: TABLE; Schema: public; Owner: garage; Tablespace: 
--

CREATE TABLE menu_menu_item (
    menu_id bigint NOT NULL,
    item_id bigint NOT NULL
);


ALTER TABLE public.menu_menu_item OWNER TO garage;

--
-- TOC entry 180 (class 1259 OID 16476)
-- Name: news_id_seq; Type: SEQUENCE; Schema: public; Owner: garage
--

CREATE SEQUENCE news_id_seq
    START WITH 1
    INCREMENT BY 1
    NO MINVALUE
    NO MAXVALUE
    CACHE 1;


ALTER TABLE public.news_id_seq OWNER TO garage;

--
-- TOC entry 181 (class 1259 OID 16478)
-- Name: news; Type: TABLE; Schema: public; Owner: garage; Tablespace: 
--

CREATE TABLE news (
    id bigint DEFAULT nextval('news_id_seq'::regclass) NOT NULL,
    link_id bigint NOT NULL,
    date_public timestamp(3) without time zone NOT NULL,
    title character varying(255) NOT NULL,
    file character varying(255),
    short_text text,
    full_text text,
    date_create date NOT NULL,
    category_id bigint
);


ALTER TABLE public.news OWNER TO garage;

--
-- TOC entry 2128 (class 0 OID 0)
-- Dependencies: 181
-- Name: TABLE news; Type: COMMENT; Schema: public; Owner: garage
--

COMMENT ON TABLE news IS 'Новости';


--
-- TOC entry 200 (class 1259 OID 32779)
-- Name: news_category; Type: TABLE; Schema: public; Owner: garage; Tablespace: 
--

CREATE TABLE news_category (
    id bigint NOT NULL,
    title character varying(255),
    date_create date NOT NULL
);


ALTER TABLE public.news_category OWNER TO garage;

--
-- TOC entry 2129 (class 0 OID 0)
-- Dependencies: 200
-- Name: TABLE news_category; Type: COMMENT; Schema: public; Owner: garage
--

COMMENT ON TABLE news_category IS 'Таблица категорий новостей';


--
-- TOC entry 199 (class 1259 OID 32777)
-- Name: news_category_id_seq; Type: SEQUENCE; Schema: public; Owner: garage
--

CREATE SEQUENCE news_category_id_seq
    START WITH 1
    INCREMENT BY 1
    NO MINVALUE
    NO MAXVALUE
    CACHE 1;


ALTER TABLE public.news_category_id_seq OWNER TO garage;

--
-- TOC entry 2130 (class 0 OID 0)
-- Dependencies: 199
-- Name: news_category_id_seq; Type: SEQUENCE OWNED BY; Schema: public; Owner: garage
--

ALTER SEQUENCE news_category_id_seq OWNED BY news_category.id;


--
-- TOC entry 182 (class 1259 OID 16485)
-- Name: phone_id_seq; Type: SEQUENCE; Schema: public; Owner: garage
--

CREATE SEQUENCE phone_id_seq
    START WITH 1
    INCREMENT BY 1
    NO MINVALUE
    NO MAXVALUE
    CACHE 1;


ALTER TABLE public.phone_id_seq OWNER TO garage;

--
-- TOC entry 183 (class 1259 OID 16487)
-- Name: phone; Type: TABLE; Schema: public; Owner: garage; Tablespace: 
--

CREATE TABLE phone (
    id bigint DEFAULT nextval('phone_id_seq'::regclass) NOT NULL,
    address character varying(255) NOT NULL,
    phone character varying(255) NOT NULL,
    post_index character varying(255) NOT NULL,
    date_create date NOT NULL
);


ALTER TABLE public.phone OWNER TO garage;

--
-- TOC entry 184 (class 1259 OID 16494)
-- Name: tm_acl_role; Type: TABLE; Schema: public; Owner: garage; Tablespace: 
--

CREATE TABLE tm_acl_role (
    tm_user_role_id bigint NOT NULL,
    tm_user_resource_id bigint NOT NULL,
    is_allow bit(1) DEFAULT B'0'::"bit" NOT NULL,
    privileges character varying(255) NOT NULL
);


ALTER TABLE public.tm_acl_role OWNER TO garage;

--
-- TOC entry 185 (class 1259 OID 16498)
-- Name: tm_task_attribute_type_id_seq; Type: SEQUENCE; Schema: public; Owner: garage
--

CREATE SEQUENCE tm_task_attribute_type_id_seq
    START WITH 1
    INCREMENT BY 1
    NO MINVALUE
    NO MAXVALUE
    CACHE 1;


ALTER TABLE public.tm_task_attribute_type_id_seq OWNER TO garage;

--
-- TOC entry 186 (class 1259 OID 16500)
-- Name: tm_task_attribute_type; Type: TABLE; Schema: public; Owner: garage; Tablespace: 
--

CREATE TABLE tm_task_attribute_type (
    id bigint DEFAULT nextval('tm_task_attribute_type_id_seq'::regclass) NOT NULL,
    title character varying(50) NOT NULL,
    handler character varying(100) NOT NULL,
    description character varying(255) NOT NULL
);


ALTER TABLE public.tm_task_attribute_type OWNER TO garage;

--
-- TOC entry 187 (class 1259 OID 16504)
-- Name: tm_user_id_seq; Type: SEQUENCE; Schema: public; Owner: garage
--

CREATE SEQUENCE tm_user_id_seq
    START WITH 1
    INCREMENT BY 1
    NO MINVALUE
    NO MAXVALUE
    CACHE 1;


ALTER TABLE public.tm_user_id_seq OWNER TO garage;

--
-- TOC entry 188 (class 1259 OID 16506)
-- Name: tm_user; Type: TABLE; Schema: public; Owner: garage; Tablespace: 
--

CREATE TABLE tm_user (
    id bigint DEFAULT nextval('tm_user_id_seq'::regclass) NOT NULL,
    login character varying(32) NOT NULL,
    password character varying(32) NOT NULL,
    role_id bigint NOT NULL,
    date_create timestamp(3) without time zone NOT NULL
);


ALTER TABLE public.tm_user OWNER TO garage;

--
-- TOC entry 189 (class 1259 OID 16510)
-- Name: tm_user_attribute; Type: TABLE; Schema: public; Owner: garage; Tablespace: 
--

CREATE TABLE tm_user_attribute (
    user_id bigint NOT NULL,
    attribute_key character varying(255) NOT NULL,
    type_id bigint NOT NULL,
    attribute_value text NOT NULL,
    is_fill bit(1) DEFAULT B'0'::"bit" NOT NULL
);


ALTER TABLE public.tm_user_attribute OWNER TO garage;

--
-- TOC entry 190 (class 1259 OID 16517)
-- Name: tm_user_attribute_type_id_seq; Type: SEQUENCE; Schema: public; Owner: garage
--

CREATE SEQUENCE tm_user_attribute_type_id_seq
    START WITH 1
    INCREMENT BY 1
    NO MINVALUE
    NO MAXVALUE
    CACHE 1;


ALTER TABLE public.tm_user_attribute_type_id_seq OWNER TO garage;

--
-- TOC entry 191 (class 1259 OID 16519)
-- Name: tm_user_attribute_type; Type: TABLE; Schema: public; Owner: garage; Tablespace: 
--

CREATE TABLE tm_user_attribute_type (
    id bigint DEFAULT nextval('tm_user_attribute_type_id_seq'::regclass) NOT NULL,
    title character varying(50) NOT NULL,
    handler character varying(100) NOT NULL,
    description character varying(255) NOT NULL
);


ALTER TABLE public.tm_user_attribute_type OWNER TO garage;

--
-- TOC entry 192 (class 1259 OID 16523)
-- Name: tm_user_hash; Type: TABLE; Schema: public; Owner: garage; Tablespace: 
--

CREATE TABLE tm_user_hash (
    user_id bigint,
    attribute_key character varying(255) NOT NULL,
    title character varying(255) NOT NULL,
    type_id bigint NOT NULL,
    list_value text
);


ALTER TABLE public.tm_user_hash OWNER TO garage;

--
-- TOC entry 193 (class 1259 OID 16529)
-- Name: tm_user_profile; Type: TABLE; Schema: public; Owner: garage; Tablespace: 
--

CREATE TABLE tm_user_profile (
    user_id bigint NOT NULL,
    profile_key character varying(255) NOT NULL,
    profile_value text NOT NULL
);


ALTER TABLE public.tm_user_profile OWNER TO garage;

--
-- TOC entry 194 (class 1259 OID 16535)
-- Name: tm_user_resource_id_seq; Type: SEQUENCE; Schema: public; Owner: garage
--

CREATE SEQUENCE tm_user_resource_id_seq
    START WITH 1
    INCREMENT BY 1
    NO MINVALUE
    NO MAXVALUE
    CACHE 1;


ALTER TABLE public.tm_user_resource_id_seq OWNER TO garage;

--
-- TOC entry 195 (class 1259 OID 16537)
-- Name: tm_user_resource; Type: TABLE; Schema: public; Owner: garage; Tablespace: 
--

CREATE TABLE tm_user_resource (
    id bigint DEFAULT nextval('tm_user_resource_id_seq'::regclass) NOT NULL,
    title character varying(45),
    rtitle character varying(255) NOT NULL
);


ALTER TABLE public.tm_user_resource OWNER TO garage;

--
-- TOC entry 196 (class 1259 OID 16541)
-- Name: tm_user_role_id_seq; Type: SEQUENCE; Schema: public; Owner: garage
--

CREATE SEQUENCE tm_user_role_id_seq
    START WITH 1
    INCREMENT BY 1
    NO MINVALUE
    NO MAXVALUE
    CACHE 1;


ALTER TABLE public.tm_user_role_id_seq OWNER TO garage;

--
-- TOC entry 197 (class 1259 OID 16543)
-- Name: tm_user_role; Type: TABLE; Schema: public; Owner: garage; Tablespace: 
--

CREATE TABLE tm_user_role (
    id bigint DEFAULT nextval('tm_user_role_id_seq'::regclass) NOT NULL,
    title character varying(32) NOT NULL,
    rtitle character varying(255) NOT NULL
);


ALTER TABLE public.tm_user_role OWNER TO garage;

--
-- TOC entry 198 (class 1259 OID 16547)
-- Name: vote_email; Type: TABLE; Schema: public; Owner: garage; Tablespace: 
--

CREATE TABLE vote_email (
    link_id bigint NOT NULL,
    val character varying(255) NOT NULL
);


ALTER TABLE public.vote_email OWNER TO garage;

--
-- TOC entry 2017 (class 2604 OID 32812)
-- Name: id; Type: DEFAULT; Schema: public; Owner: garage
--

ALTER TABLE ONLY calendar ALTER COLUMN id SET DEFAULT nextval('calendar_id_seq'::regclass);


--
-- TOC entry 2016 (class 2604 OID 32804)
-- Name: id; Type: DEFAULT; Schema: public; Owner: garage
--

ALTER TABLE ONLY calendar_category ALTER COLUMN id SET DEFAULT nextval('calendar_category_id_seq'::regclass);


--
-- TOC entry 2015 (class 2604 OID 32782)
-- Name: id; Type: DEFAULT; Schema: public; Owner: garage
--

ALTER TABLE ONLY news_category ALTER COLUMN id SET DEFAULT nextval('news_category_id_seq'::regclass);


--
-- TOC entry 2071 (class 0 OID 16398)
-- Dependencies: 162
-- Data for Name: banner; Type: TABLE DATA; Schema: public; Owner: garage
--



--
-- TOC entry 2131 (class 0 OID 0)
-- Dependencies: 161
-- Name: banner_id_seq; Type: SEQUENCE SET; Schema: public; Owner: garage
--

SELECT pg_catalog.setval('banner_id_seq', 22, true);


--
-- TOC entry 2072 (class 0 OID 16405)
-- Dependencies: 163
-- Data for Name: banner_place; Type: TABLE DATA; Schema: public; Owner: garage
--



--
-- TOC entry 2074 (class 0 OID 16410)
-- Dependencies: 165
-- Data for Name: bplace; Type: TABLE DATA; Schema: public; Owner: garage
--

INSERT INTO bplace (id, title, width, height, change_time) VALUES (1, 'Главная', 900, 260, 5);


--
-- TOC entry 2132 (class 0 OID 0)
-- Dependencies: 164
-- Name: bplace_id_seq; Type: SEQUENCE SET; Schema: public; Owner: garage
--

SELECT pg_catalog.setval('bplace_id_seq', 2, true);


--
-- TOC entry 2113 (class 0 OID 32809)
-- Dependencies: 204
-- Data for Name: calendar; Type: TABLE DATA; Schema: public; Owner: garage
--

INSERT INTO calendar (id, link_id, date_event, time_event, title, file, place, short_text, full_text, date_create, category_id) VALUES (1, 62, '2013-04-14', '10:00:00', 'Первое', NULL, 'ваввпивпив', 'вар аврав арвар аврварва', '<p>ва рварва рвв</p>

<p>ва р</p>

<p>варва</p>

<p>рвар</p>

<p>врв</p>
', '2013-04-14', NULL);


--
-- TOC entry 2111 (class 0 OID 32801)
-- Dependencies: 202
-- Data for Name: calendar_category; Type: TABLE DATA; Schema: public; Owner: garage
--



--
-- TOC entry 2133 (class 0 OID 0)
-- Dependencies: 201
-- Name: calendar_category_id_seq; Type: SEQUENCE SET; Schema: public; Owner: garage
--

SELECT pg_catalog.setval('calendar_category_id_seq', 1, false);


--
-- TOC entry 2134 (class 0 OID 0)
-- Dependencies: 203
-- Name: calendar_id_seq; Type: SEQUENCE SET; Schema: public; Owner: garage
--

SELECT pg_catalog.setval('calendar_id_seq', 1, true);


--
-- TOC entry 2075 (class 0 OID 16415)
-- Dependencies: 166
-- Data for Name: content_page; Type: TABLE DATA; Schema: public; Owner: garage
--

INSERT INTO content_page (link_id, page_title, parent_page, title, content) VALUES (61, 'fom', NULL, 'Форум', NULL);
INSERT INTO content_page (link_id, page_title, parent_page, title, content) VALUES (62, 'kalenda', NULL, 'Календарь', NULL);
INSERT INTO content_page (link_id, page_title, parent_page, title, content) VALUES (35, 'main_page', NULL, 'Главная страница', '');
INSERT INTO content_page (link_id, page_title, parent_page, title, content) VALUES (59, 'o_nas', NULL, 'О нас', '<p><img src="/ckfinder/userfiles/images/boy2.jpg" /></p>

<p>Наше предназначение - помочь Стартаперу найти инвестиции в свой проект, а банкам и инвесторам - принять активное участие в развитии инновационных разработок, получать дивиденды от вложенных денежных средств.</p>

<p>&nbsp;</p>

<p>Аудитория проекта - успешные предприниматели и опытные банкиры, креативные pr-директора и отличные руководители известных компаний.</p>

<p>Нас благодарят за: - экономию времени (временные затраты на поиск инвестора (партнера) сокращаются на десятки часов еженедельно); - эмпатию (вы не платите агентам, посредникам за поиск нужного вам человека) мы знаем, насколько сложен деловой мир; - существование (Вот оно &ndash; главное счастье человека: быть нужным.); - self-Pr (каждый человек имеет право быть услышанным); - чашечку ароматного чая (мы всегда рады пригласить Вас в наш офис) ;)</p>

<p>Платформа, ориентированная на привлечение финансирования в креативные проекты через краудфандинг</p>

<p>Тысячи людей готовы поддержать авторские начинания в таких областях, как музыка, фильмы, игры, искусство, новые технологии, промышленный дизайн и прочих. Множество успешных проектов являются ярким подтверждением этого.</p>

<p>Совершенно новый подход к реализации Вашего творческого потенциала и к привлечению финансирования через краудфандинг</p>

<p>Нам интересны оригинальные, новаторские, современные идеи, которые могут быть полезны для общества. Поэтому мы предоставляем людям возможность поддержать интересые им проекты, а взамен получить уникальные продукты, бонусы или необычный опыт.</p>

<p>Только полное финансирование проектов</p>

<p>Почему? Таким образом исключаются возможные негативные последствия: очевидно, что недостаток средств может привести к некачественной реализации проекта. Если проект не привлекает требующуюся сумму денег, то все собранные средства моментально возвращаются спонсорам.</p>

<p>Индивидуальность и социальная активность</p>

<p>Платформа создана для самых разных проектов: больших и малых, серьезных и не очень, традиционных и экспериментальных. Любой может реализовать свою идею, будь то запись музыкального альбома, съемка фильма или создание нового прибора. Нужны только фантазия, желание и немного таланта.</p>
');
INSERT INTO content_page (link_id, page_title, parent_page, title, content) VALUES (NULL, 'contact', 'o_nas', 'Контакты', '<p>Наши контакты</p>
');


--
-- TOC entry 2077 (class 0 OID 16423)
-- Dependencies: 168
-- Data for Name: document; Type: TABLE DATA; Schema: public; Owner: garage
--



--
-- TOC entry 2079 (class 0 OID 16432)
-- Dependencies: 170
-- Data for Name: document_folder; Type: TABLE DATA; Schema: public; Owner: garage
--



--
-- TOC entry 2135 (class 0 OID 0)
-- Dependencies: 169
-- Name: document_folder_id_seq; Type: SEQUENCE SET; Schema: public; Owner: garage
--

SELECT pg_catalog.setval('document_folder_id_seq', 1, false);


--
-- TOC entry 2136 (class 0 OID 0)
-- Dependencies: 167
-- Name: document_id_seq; Type: SEQUENCE SET; Schema: public; Owner: garage
--

SELECT pg_catalog.setval('document_id_seq', 1, false);


--
-- TOC entry 2081 (class 0 OID 16438)
-- Dependencies: 172
-- Data for Name: document_search; Type: TABLE DATA; Schema: public; Owner: garage
--



--
-- TOC entry 2137 (class 0 OID 0)
-- Dependencies: 171
-- Name: document_search_id_seq; Type: SEQUENCE SET; Schema: public; Owner: garage
--

SELECT pg_catalog.setval('document_search_id_seq', 1, false);


--
-- TOC entry 2083 (class 0 OID 16447)
-- Dependencies: 174
-- Data for Name: menu_handler; Type: TABLE DATA; Schema: public; Owner: garage
--

INSERT INTO menu_handler (id, title, controller) VALUES (1, 'Контент', 'Contentpage');
INSERT INTO menu_handler (id, title, controller) VALUES (2, 'Документы', 'Document');
INSERT INTO menu_handler (id, title, controller) VALUES (3, 'Новости', 'News');
INSERT INTO menu_handler (id, title, controller) VALUES (4, 'Обращения', 'Vote');
INSERT INTO menu_handler (id, title, controller) VALUES (6, 'Календарь', 'Calendar');


--
-- TOC entry 2138 (class 0 OID 0)
-- Dependencies: 173
-- Name: menu_handler_id_seq; Type: SEQUENCE SET; Schema: public; Owner: garage
--

SELECT pg_catalog.setval('menu_handler_id_seq', 6, true);


--
-- TOC entry 2085 (class 0 OID 16456)
-- Dependencies: 176
-- Data for Name: menu_item; Type: TABLE DATA; Schema: public; Owner: garage
--

INSERT INTO menu_item (id, title, link, parent_id, handler_id, is_visible, sort_order) VALUES (35, 'Главная страница', 'main_page', NULL, 1, B'0', 1);
INSERT INTO menu_item (id, title, link, parent_id, handler_id, is_visible, sort_order) VALUES (59, 'О нас', 'o_nas', NULL, 1, B'1', 1);
INSERT INTO menu_item (id, title, link, parent_id, handler_id, is_visible, sort_order) VALUES (71, 'Общая информация', 'obaya_inomaiya', 59, 1, B'1', 1);
INSERT INTO menu_item (id, title, link, parent_id, handler_id, is_visible, sort_order) VALUES (60, 'Новости', 'novoisti', NULL, 3, B'1', 2);
INSERT INTO menu_item (id, title, link, parent_id, handler_id, is_visible, sort_order) VALUES (61, 'Форум', 'fom', NULL, 1, B'1', 3);
INSERT INTO menu_item (id, title, link, parent_id, handler_id, is_visible, sort_order) VALUES (62, 'Календарь', 'kalenda', NULL, 6, B'1', 4);


--
-- TOC entry 2139 (class 0 OID 0)
-- Dependencies: 175
-- Name: menu_item_id_seq; Type: SEQUENCE SET; Schema: public; Owner: garage
--

SELECT pg_catalog.setval('menu_item_id_seq', 71, true);


--
-- TOC entry 2087 (class 0 OID 16466)
-- Dependencies: 178
-- Data for Name: menu_menu; Type: TABLE DATA; Schema: public; Owner: garage
--

INSERT INTO menu_menu (id, title, code) VALUES (16, 'Верхнее меню', 'verhnee_menu');
INSERT INTO menu_menu (id, title, code) VALUES (17, 'Нижнее меню', 'nijnee_menu');


--
-- TOC entry 2140 (class 0 OID 0)
-- Dependencies: 177
-- Name: menu_menu_id_seq; Type: SEQUENCE SET; Schema: public; Owner: garage
--

SELECT pg_catalog.setval('menu_menu_id_seq', 18, true);


--
-- TOC entry 2088 (class 0 OID 16473)
-- Dependencies: 179
-- Data for Name: menu_menu_item; Type: TABLE DATA; Schema: public; Owner: garage
--

INSERT INTO menu_menu_item (menu_id, item_id) VALUES (16, 59);
INSERT INTO menu_menu_item (menu_id, item_id) VALUES (16, 71);
INSERT INTO menu_menu_item (menu_id, item_id) VALUES (16, 60);
INSERT INTO menu_menu_item (menu_id, item_id) VALUES (16, 61);
INSERT INTO menu_menu_item (menu_id, item_id) VALUES (16, 62);


--
-- TOC entry 2090 (class 0 OID 16478)
-- Dependencies: 181
-- Data for Name: news; Type: TABLE DATA; Schema: public; Owner: garage
--

INSERT INTO news (id, link_id, date_public, title, file, short_text, full_text, date_create, category_id) VALUES (8, 60, '2013-04-13 00:00:00', 'Событие', NULL, 'о опр опропро рпопро', '<p>рп орпорпопрп</p>
', '2013-04-13', 2);
INSERT INTO news (id, link_id, date_public, title, file, short_text, full_text, date_create, category_id) VALUES (7, 60, '2013-04-07 00:00:00', 'Проверка', NULL, 'Проверка сайта', '', '2013-04-07', 3);


--
-- TOC entry 2109 (class 0 OID 32779)
-- Dependencies: 200
-- Data for Name: news_category; Type: TABLE DATA; Schema: public; Owner: garage
--

INSERT INTO news_category (id, title, date_create) VALUES (3, 'Информация', '2013-04-13');
INSERT INTO news_category (id, title, date_create) VALUES (2, 'События', '2013-04-13');


--
-- TOC entry 2141 (class 0 OID 0)
-- Dependencies: 199
-- Name: news_category_id_seq; Type: SEQUENCE SET; Schema: public; Owner: garage
--

SELECT pg_catalog.setval('news_category_id_seq', 3, true);


--
-- TOC entry 2142 (class 0 OID 0)
-- Dependencies: 180
-- Name: news_id_seq; Type: SEQUENCE SET; Schema: public; Owner: garage
--

SELECT pg_catalog.setval('news_id_seq', 8, true);


--
-- TOC entry 2092 (class 0 OID 16487)
-- Dependencies: 183
-- Data for Name: phone; Type: TABLE DATA; Schema: public; Owner: garage
--

INSERT INTO phone (id, address, phone, post_index, date_create) VALUES (1, '', '', '', '2012-06-05');


--
-- TOC entry 2143 (class 0 OID 0)
-- Dependencies: 182
-- Name: phone_id_seq; Type: SEQUENCE SET; Schema: public; Owner: garage
--

SELECT pg_catalog.setval('phone_id_seq', 2, true);


--
-- TOC entry 2093 (class 0 OID 16494)
-- Dependencies: 184
-- Data for Name: tm_acl_role; Type: TABLE DATA; Schema: public; Owner: garage
--

INSERT INTO tm_acl_role (tm_user_role_id, tm_user_resource_id, is_allow, privileges) VALUES (1, 1, B'1', 'show');
INSERT INTO tm_acl_role (tm_user_role_id, tm_user_resource_id, is_allow, privileges) VALUES (1, 2, B'1', 'show');
INSERT INTO tm_acl_role (tm_user_role_id, tm_user_resource_id, is_allow, privileges) VALUES (1, 3, B'1', 'show');
INSERT INTO tm_acl_role (tm_user_role_id, tm_user_resource_id, is_allow, privileges) VALUES (1, 4, B'1', 'show');
INSERT INTO tm_acl_role (tm_user_role_id, tm_user_resource_id, is_allow, privileges) VALUES (1, 5, B'1', 'show');
INSERT INTO tm_acl_role (tm_user_role_id, tm_user_resource_id, is_allow, privileges) VALUES (1, 6, B'1', 'show');
INSERT INTO tm_acl_role (tm_user_role_id, tm_user_resource_id, is_allow, privileges) VALUES (1, 7, B'1', 'show');
INSERT INTO tm_acl_role (tm_user_role_id, tm_user_resource_id, is_allow, privileges) VALUES (1, 8, B'1', 'show');
INSERT INTO tm_acl_role (tm_user_role_id, tm_user_resource_id, is_allow, privileges) VALUES (1, 15, B'1', 'show,show-attribute-hash,show-attribute-type,show-resource,show-role');
INSERT INTO tm_acl_role (tm_user_role_id, tm_user_resource_id, is_allow, privileges) VALUES (1, 19, B'1', 'show');
INSERT INTO tm_acl_role (tm_user_role_id, tm_user_resource_id, is_allow, privileges) VALUES (1, 20, B'1', 'show');
INSERT INTO tm_acl_role (tm_user_role_id, tm_user_resource_id, is_allow, privileges) VALUES (1, 21, B'1', 'show');
INSERT INTO tm_acl_role (tm_user_role_id, tm_user_resource_id, is_allow, privileges) VALUES (1, 22, B'1', 'show');
INSERT INTO tm_acl_role (tm_user_role_id, tm_user_resource_id, is_allow, privileges) VALUES (1, 23, B'1', 'show');
INSERT INTO tm_acl_role (tm_user_role_id, tm_user_resource_id, is_allow, privileges) VALUES (1, 24, B'1', 'show');
INSERT INTO tm_acl_role (tm_user_role_id, tm_user_resource_id, is_allow, privileges) VALUES (1, 25, B'1', 'show');
INSERT INTO tm_acl_role (tm_user_role_id, tm_user_resource_id, is_allow, privileges) VALUES (1, 59, B'1', 'show');
INSERT INTO tm_acl_role (tm_user_role_id, tm_user_resource_id, is_allow, privileges) VALUES (1, 67, B'1', 'show');
INSERT INTO tm_acl_role (tm_user_role_id, tm_user_resource_id, is_allow, privileges) VALUES (1, 68, B'1', 'show');
INSERT INTO tm_acl_role (tm_user_role_id, tm_user_resource_id, is_allow, privileges) VALUES (1, 69, B'1', 'show');
INSERT INTO tm_acl_role (tm_user_role_id, tm_user_resource_id, is_allow, privileges) VALUES (1, 70, B'1', 'show');
INSERT INTO tm_acl_role (tm_user_role_id, tm_user_resource_id, is_allow, privileges) VALUES (1, 71, B'1', 'show');
INSERT INTO tm_acl_role (tm_user_role_id, tm_user_resource_id, is_allow, privileges) VALUES (1, 72, B'1', 'show');
INSERT INTO tm_acl_role (tm_user_role_id, tm_user_resource_id, is_allow, privileges) VALUES (1, 97, B'1', 'show');
INSERT INTO tm_acl_role (tm_user_role_id, tm_user_resource_id, is_allow, privileges) VALUES (1, 98, B'1', 'show');
INSERT INTO tm_acl_role (tm_user_role_id, tm_user_resource_id, is_allow, privileges) VALUES (1, 99, B'1', 'show');
INSERT INTO tm_acl_role (tm_user_role_id, tm_user_resource_id, is_allow, privileges) VALUES (5, 1, B'1', 'show');
INSERT INTO tm_acl_role (tm_user_role_id, tm_user_resource_id, is_allow, privileges) VALUES (5, 2, B'1', 'show');
INSERT INTO tm_acl_role (tm_user_role_id, tm_user_resource_id, is_allow, privileges) VALUES (5, 3, B'1', 'show');
INSERT INTO tm_acl_role (tm_user_role_id, tm_user_resource_id, is_allow, privileges) VALUES (5, 4, B'1', 'show');
INSERT INTO tm_acl_role (tm_user_role_id, tm_user_resource_id, is_allow, privileges) VALUES (5, 5, B'0', 'show');
INSERT INTO tm_acl_role (tm_user_role_id, tm_user_resource_id, is_allow, privileges) VALUES (5, 6, B'0', 'show');
INSERT INTO tm_acl_role (tm_user_role_id, tm_user_resource_id, is_allow, privileges) VALUES (5, 7, B'0', 'show');
INSERT INTO tm_acl_role (tm_user_role_id, tm_user_resource_id, is_allow, privileges) VALUES (5, 8, B'0', 'show');
INSERT INTO tm_acl_role (tm_user_role_id, tm_user_resource_id, is_allow, privileges) VALUES (5, 15, B'0', 'show');
INSERT INTO tm_acl_role (tm_user_role_id, tm_user_resource_id, is_allow, privileges) VALUES (5, 19, B'0', 'show');
INSERT INTO tm_acl_role (tm_user_role_id, tm_user_resource_id, is_allow, privileges) VALUES (5, 20, B'0', 'show');
INSERT INTO tm_acl_role (tm_user_role_id, tm_user_resource_id, is_allow, privileges) VALUES (5, 21, B'0', 'show');
INSERT INTO tm_acl_role (tm_user_role_id, tm_user_resource_id, is_allow, privileges) VALUES (5, 22, B'0', 'show');
INSERT INTO tm_acl_role (tm_user_role_id, tm_user_resource_id, is_allow, privileges) VALUES (5, 23, B'0', 'show');
INSERT INTO tm_acl_role (tm_user_role_id, tm_user_resource_id, is_allow, privileges) VALUES (5, 24, B'0', 'show');
INSERT INTO tm_acl_role (tm_user_role_id, tm_user_resource_id, is_allow, privileges) VALUES (5, 25, B'0', 'show');
INSERT INTO tm_acl_role (tm_user_role_id, tm_user_resource_id, is_allow, privileges) VALUES (5, 59, B'0', 'show');
INSERT INTO tm_acl_role (tm_user_role_id, tm_user_resource_id, is_allow, privileges) VALUES (5, 67, B'0', 'show');
INSERT INTO tm_acl_role (tm_user_role_id, tm_user_resource_id, is_allow, privileges) VALUES (5, 68, B'0', 'show');
INSERT INTO tm_acl_role (tm_user_role_id, tm_user_resource_id, is_allow, privileges) VALUES (5, 69, B'0', 'show');
INSERT INTO tm_acl_role (tm_user_role_id, tm_user_resource_id, is_allow, privileges) VALUES (5, 70, B'0', 'show');
INSERT INTO tm_acl_role (tm_user_role_id, tm_user_resource_id, is_allow, privileges) VALUES (5, 71, B'0', 'show');
INSERT INTO tm_acl_role (tm_user_role_id, tm_user_resource_id, is_allow, privileges) VALUES (5, 72, B'0', 'show');
INSERT INTO tm_acl_role (tm_user_role_id, tm_user_resource_id, is_allow, privileges) VALUES (5, 97, B'0', 'show');
INSERT INTO tm_acl_role (tm_user_role_id, tm_user_resource_id, is_allow, privileges) VALUES (5, 98, B'0', 'show');
INSERT INTO tm_acl_role (tm_user_role_id, tm_user_resource_id, is_allow, privileges) VALUES (5, 99, B'0', 'show');


--
-- TOC entry 2095 (class 0 OID 16500)
-- Dependencies: 186
-- Data for Name: tm_task_attribute_type; Type: TABLE DATA; Schema: public; Owner: garage
--

INSERT INTO tm_task_attribute_type (id, title, handler, description) VALUES (1, 'Строка', 'TM_Attribute_AttributeType', 'Любое строковое значение');
INSERT INTO tm_task_attribute_type (id, title, handler, description) VALUES (2, 'Текст', 'TM_Attribute_AttributeTypeText', 'Многострочный  текст');
INSERT INTO tm_task_attribute_type (id, title, handler, description) VALUES (3, 'Список', 'TM_Attribute_AttributeTypeList', 'Список из возможных вариантов');
INSERT INTO tm_task_attribute_type (id, title, handler, description) VALUES (4, 'Дата', 'TM_Attribute_AttributeTypeDate', '');
INSERT INTO tm_task_attribute_type (id, title, handler, description) VALUES (5, 'Список пользователей', 'TM_Attribute_AttributeTypeUserList', 'Список пользователей');
INSERT INTO tm_task_attribute_type (id, title, handler, description) VALUES (6, 'Условие с активным пользователем', 'TM_Attribute_AttributeTypeActiveUser', 'Условие с активным пользователем');
INSERT INTO tm_task_attribute_type (id, title, handler, description) VALUES (7, 'Список пользователей с активным пользователем', 'TM_Attribute_AttributeTypeActiveUserList', 'Список пользователей с активным пользователем');


--
-- TOC entry 2144 (class 0 OID 0)
-- Dependencies: 185
-- Name: tm_task_attribute_type_id_seq; Type: SEQUENCE SET; Schema: public; Owner: garage
--

SELECT pg_catalog.setval('tm_task_attribute_type_id_seq', 8, true);


--
-- TOC entry 2097 (class 0 OID 16506)
-- Dependencies: 188
-- Data for Name: tm_user; Type: TABLE DATA; Schema: public; Owner: garage
--

INSERT INTO tm_user (id, login, password, role_id, date_create) VALUES (1, 'admin', '123', 1, '2011-11-16 16:26:00');


--
-- TOC entry 2098 (class 0 OID 16510)
-- Dependencies: 189
-- Data for Name: tm_user_attribute; Type: TABLE DATA; Schema: public; Owner: garage
--



--
-- TOC entry 2100 (class 0 OID 16519)
-- Dependencies: 191
-- Data for Name: tm_user_attribute_type; Type: TABLE DATA; Schema: public; Owner: garage
--

INSERT INTO tm_user_attribute_type (id, title, handler, description) VALUES (1, 'Строка', 'TM_Attribute_AttributeType', 'Любое строковое значение');
INSERT INTO tm_user_attribute_type (id, title, handler, description) VALUES (2, 'Текст', 'TM_Attribute_AttributeTypeText', 'Многострочный  текст');
INSERT INTO tm_user_attribute_type (id, title, handler, description) VALUES (3, 'Список', 'TM_Attribute_AttributeTypeList', 'Список из возможных вариантов');


--
-- TOC entry 2145 (class 0 OID 0)
-- Dependencies: 190
-- Name: tm_user_attribute_type_id_seq; Type: SEQUENCE SET; Schema: public; Owner: garage
--

SELECT pg_catalog.setval('tm_user_attribute_type_id_seq', 4, true);


--
-- TOC entry 2101 (class 0 OID 16523)
-- Dependencies: 192
-- Data for Name: tm_user_hash; Type: TABLE DATA; Schema: public; Owner: garage
--

INSERT INTO tm_user_hash (user_id, attribute_key, title, type_id, list_value) VALUES (NULL, 'name', 'Имя', 1, ' ');


--
-- TOC entry 2146 (class 0 OID 0)
-- Dependencies: 187
-- Name: tm_user_id_seq; Type: SEQUENCE SET; Schema: public; Owner: garage
--

SELECT pg_catalog.setval('tm_user_id_seq', 2, true);


--
-- TOC entry 2102 (class 0 OID 16529)
-- Dependencies: 193
-- Data for Name: tm_user_profile; Type: TABLE DATA; Schema: public; Owner: garage
--



--
-- TOC entry 2104 (class 0 OID 16537)
-- Dependencies: 195
-- Data for Name: tm_user_resource; Type: TABLE DATA; Schema: public; Owner: garage
--

INSERT INTO tm_user_resource (id, title, rtitle) VALUES (1, 'login', 'Вход');
INSERT INTO tm_user_resource (id, title, rtitle) VALUES (2, 'login/index', 'Вход');
INSERT INTO tm_user_resource (id, title, rtitle) VALUES (3, 'login/logout', 'Выход');
INSERT INTO tm_user_resource (id, title, rtitle) VALUES (4, 'index/index', 'Главная');
INSERT INTO tm_user_resource (id, title, rtitle) VALUES (5, 'user', 'Пользователи');
INSERT INTO tm_user_resource (id, title, rtitle) VALUES (6, 'user/add', '');
INSERT INTO tm_user_resource (id, title, rtitle) VALUES (7, 'user/edit', 'Пользователи/Редактировать');
INSERT INTO tm_user_resource (id, title, rtitle) VALUES (8, 'user/delete', '');
INSERT INTO tm_user_resource (id, title, rtitle) VALUES (15, 'user/index', 'Пользователи');
INSERT INTO tm_user_resource (id, title, rtitle) VALUES (19, 'user/addRole', 'Пользователи/Добавить роль');
INSERT INTO tm_user_resource (id, title, rtitle) VALUES (20, 'user/editRole', '');
INSERT INTO tm_user_resource (id, title, rtitle) VALUES (21, 'user/deleteRole', '');
INSERT INTO tm_user_resource (id, title, rtitle) VALUES (22, 'user/addResource', '');
INSERT INTO tm_user_resource (id, title, rtitle) VALUES (23, 'user/editResource', '');
INSERT INTO tm_user_resource (id, title, rtitle) VALUES (24, 'user/deleteResource', '');
INSERT INTO tm_user_resource (id, title, rtitle) VALUES (25, 'user/fillResource', '');
INSERT INTO tm_user_resource (id, title, rtitle) VALUES (59, 'user/showRoleAcl', '');
INSERT INTO tm_user_resource (id, title, rtitle) VALUES (67, 'user/addAttributeType', '');
INSERT INTO tm_user_resource (id, title, rtitle) VALUES (68, 'user/editAttributeType', '');
INSERT INTO tm_user_resource (id, title, rtitle) VALUES (69, 'user/deleteAttributeType', '');
INSERT INTO tm_user_resource (id, title, rtitle) VALUES (70, 'user/addAttributeHash', '');
INSERT INTO tm_user_resource (id, title, rtitle) VALUES (71, 'user/editAttributeHash', '');
INSERT INTO tm_user_resource (id, title, rtitle) VALUES (72, 'user/deleteAttributeHash', '');
INSERT INTO tm_user_resource (id, title, rtitle) VALUES (97, 'user/viewAttributeType', 'Пользователи/Показать типы атрибутов');
INSERT INTO tm_user_resource (id, title, rtitle) VALUES (98, 'user/viewResource', 'Пользователи/Показать ресурсы');
INSERT INTO tm_user_resource (id, title, rtitle) VALUES (99, 'user/viewHash', 'Пользователи/Показать список атрибутов');


--
-- TOC entry 2147 (class 0 OID 0)
-- Dependencies: 194
-- Name: tm_user_resource_id_seq; Type: SEQUENCE SET; Schema: public; Owner: garage
--

SELECT pg_catalog.setval('tm_user_resource_id_seq', 100, true);


--
-- TOC entry 2106 (class 0 OID 16543)
-- Dependencies: 197
-- Data for Name: tm_user_role; Type: TABLE DATA; Schema: public; Owner: garage
--

INSERT INTO tm_user_role (id, title, rtitle) VALUES (1, 'admin', 'Администратор');
INSERT INTO tm_user_role (id, title, rtitle) VALUES (5, 'guest', 'Гость');


--
-- TOC entry 2148 (class 0 OID 0)
-- Dependencies: 196
-- Name: tm_user_role_id_seq; Type: SEQUENCE SET; Schema: public; Owner: garage
--

SELECT pg_catalog.setval('tm_user_role_id_seq', 6, true);


--
-- TOC entry 2107 (class 0 OID 16547)
-- Dependencies: 198
-- Data for Name: vote_email; Type: TABLE DATA; Schema: public; Owner: garage
--

INSERT INTO vote_email (link_id, val) VALUES (34, 'ivan87kharlampenkov@gmail.com');


--
-- TOC entry 2019 (class 2606 OID 16553)
-- Name: banner_pkey; Type: CONSTRAINT; Schema: public; Owner: garage; Tablespace: 
--

ALTER TABLE ONLY banner
    ADD CONSTRAINT banner_pkey PRIMARY KEY (id);


--
-- TOC entry 2021 (class 2606 OID 16555)
-- Name: banner_place_pkey; Type: CONSTRAINT; Schema: public; Owner: garage; Tablespace: 
--

ALTER TABLE ONLY banner_place
    ADD CONSTRAINT banner_place_pkey PRIMARY KEY (banner_id, bplace_id);


--
-- TOC entry 2023 (class 2606 OID 16557)
-- Name: bplace_pkey; Type: CONSTRAINT; Schema: public; Owner: garage; Tablespace: 
--

ALTER TABLE ONLY bplace
    ADD CONSTRAINT bplace_pkey PRIMARY KEY (id);


--
-- TOC entry 2057 (class 2606 OID 32806)
-- Name: calendar_category_pkey; Type: CONSTRAINT; Schema: public; Owner: garage; Tablespace: 
--

ALTER TABLE ONLY calendar_category
    ADD CONSTRAINT calendar_category_pkey PRIMARY KEY (id);


--
-- TOC entry 2059 (class 2606 OID 32817)
-- Name: calendar_pkey; Type: CONSTRAINT; Schema: public; Owner: garage; Tablespace: 
--

ALTER TABLE ONLY calendar
    ADD CONSTRAINT calendar_pkey PRIMARY KEY (id);


--
-- TOC entry 2025 (class 2606 OID 16559)
-- Name: content_page_pkey; Type: CONSTRAINT; Schema: public; Owner: garage; Tablespace: 
--

ALTER TABLE ONLY content_page
    ADD CONSTRAINT content_page_pkey PRIMARY KEY (page_title);


--
-- TOC entry 2029 (class 2606 OID 16561)
-- Name: document_folder_pkey; Type: CONSTRAINT; Schema: public; Owner: garage; Tablespace: 
--

ALTER TABLE ONLY document_folder
    ADD CONSTRAINT document_folder_pkey PRIMARY KEY (id);


--
-- TOC entry 2027 (class 2606 OID 16563)
-- Name: document_pkey; Type: CONSTRAINT; Schema: public; Owner: garage; Tablespace: 
--

ALTER TABLE ONLY document
    ADD CONSTRAINT document_pkey PRIMARY KEY (id);


--
-- TOC entry 2031 (class 2606 OID 16565)
-- Name: document_search_pkey; Type: CONSTRAINT; Schema: public; Owner: garage; Tablespace: 
--

ALTER TABLE ONLY document_search
    ADD CONSTRAINT document_search_pkey PRIMARY KEY (id);


--
-- TOC entry 2033 (class 2606 OID 16567)
-- Name: menu_handler_pkey; Type: CONSTRAINT; Schema: public; Owner: garage; Tablespace: 
--

ALTER TABLE ONLY menu_handler
    ADD CONSTRAINT menu_handler_pkey PRIMARY KEY (id);


--
-- TOC entry 2035 (class 2606 OID 16569)
-- Name: menu_item_pkey; Type: CONSTRAINT; Schema: public; Owner: garage; Tablespace: 
--

ALTER TABLE ONLY menu_item
    ADD CONSTRAINT menu_item_pkey PRIMARY KEY (id);


--
-- TOC entry 2039 (class 2606 OID 16571)
-- Name: menu_menu_item_pkey; Type: CONSTRAINT; Schema: public; Owner: garage; Tablespace: 
--

ALTER TABLE ONLY menu_menu_item
    ADD CONSTRAINT menu_menu_item_pkey PRIMARY KEY (menu_id, item_id);


--
-- TOC entry 2037 (class 2606 OID 16573)
-- Name: menu_menu_pkey; Type: CONSTRAINT; Schema: public; Owner: garage; Tablespace: 
--

ALTER TABLE ONLY menu_menu
    ADD CONSTRAINT menu_menu_pkey PRIMARY KEY (id);


--
-- TOC entry 2055 (class 2606 OID 32784)
-- Name: news_category_pkey; Type: CONSTRAINT; Schema: public; Owner: garage; Tablespace: 
--

ALTER TABLE ONLY news_category
    ADD CONSTRAINT news_category_pkey PRIMARY KEY (id);


--
-- TOC entry 2041 (class 2606 OID 16575)
-- Name: news_pkey; Type: CONSTRAINT; Schema: public; Owner: garage; Tablespace: 
--

ALTER TABLE ONLY news
    ADD CONSTRAINT news_pkey PRIMARY KEY (id);


--
-- TOC entry 2043 (class 2606 OID 16577)
-- Name: phone_pkey; Type: CONSTRAINT; Schema: public; Owner: garage; Tablespace: 
--

ALTER TABLE ONLY phone
    ADD CONSTRAINT phone_pkey PRIMARY KEY (id);


--
-- TOC entry 2045 (class 2606 OID 16579)
-- Name: tm_task_attribute_type_pkey; Type: CONSTRAINT; Schema: public; Owner: garage; Tablespace: 
--

ALTER TABLE ONLY tm_task_attribute_type
    ADD CONSTRAINT tm_task_attribute_type_pkey PRIMARY KEY (id);


--
-- TOC entry 2049 (class 2606 OID 16581)
-- Name: tm_user_attribute_type_pkey; Type: CONSTRAINT; Schema: public; Owner: garage; Tablespace: 
--

ALTER TABLE ONLY tm_user_attribute_type
    ADD CONSTRAINT tm_user_attribute_type_pkey PRIMARY KEY (id);


--
-- TOC entry 2047 (class 2606 OID 16583)
-- Name: tm_user_pkey; Type: CONSTRAINT; Schema: public; Owner: garage; Tablespace: 
--

ALTER TABLE ONLY tm_user
    ADD CONSTRAINT tm_user_pkey PRIMARY KEY (id);


--
-- TOC entry 2051 (class 2606 OID 16585)
-- Name: tm_user_resource_pkey; Type: CONSTRAINT; Schema: public; Owner: garage; Tablespace: 
--

ALTER TABLE ONLY tm_user_resource
    ADD CONSTRAINT tm_user_resource_pkey PRIMARY KEY (id);


--
-- TOC entry 2053 (class 2606 OID 16587)
-- Name: tm_user_role_pkey; Type: CONSTRAINT; Schema: public; Owner: garage; Tablespace: 
--

ALTER TABLE ONLY tm_user_role
    ADD CONSTRAINT tm_user_role_pkey PRIMARY KEY (id);


--
-- TOC entry 2060 (class 2606 OID 16588)
-- Name: banner_place_banner_id_fkey; Type: FK CONSTRAINT; Schema: public; Owner: garage
--

ALTER TABLE ONLY banner_place
    ADD CONSTRAINT banner_place_banner_id_fkey FOREIGN KEY (banner_id) REFERENCES banner(id) ON UPDATE RESTRICT ON DELETE RESTRICT;


--
-- TOC entry 2061 (class 2606 OID 16593)
-- Name: banner_place_bplace_id_fkey; Type: FK CONSTRAINT; Schema: public; Owner: garage
--

ALTER TABLE ONLY banner_place
    ADD CONSTRAINT banner_place_bplace_id_fkey FOREIGN KEY (bplace_id) REFERENCES bplace(id) ON UPDATE RESTRICT ON DELETE RESTRICT;


--
-- TOC entry 2069 (class 2606 OID 32823)
-- Name: calendar_category_id_fkey; Type: FK CONSTRAINT; Schema: public; Owner: garage
--

ALTER TABLE ONLY calendar
    ADD CONSTRAINT calendar_category_id_fkey FOREIGN KEY (category_id) REFERENCES calendar_category(id) ON UPDATE SET NULL ON DELETE SET NULL;


--
-- TOC entry 2062 (class 2606 OID 24585)
-- Name: content_page_parent_page_fkey; Type: FK CONSTRAINT; Schema: public; Owner: garage
--

ALTER TABLE ONLY content_page
    ADD CONSTRAINT content_page_parent_page_fkey FOREIGN KEY (parent_page) REFERENCES content_page(page_title) ON UPDATE CASCADE ON DELETE CASCADE;


--
-- TOC entry 2063 (class 2606 OID 16603)
-- Name: document_parent_id_fkey; Type: FK CONSTRAINT; Schema: public; Owner: garage
--

ALTER TABLE ONLY document
    ADD CONSTRAINT document_parent_id_fkey FOREIGN KEY (parent_id) REFERENCES document_folder(id) ON UPDATE CASCADE ON DELETE RESTRICT;


--
-- TOC entry 2064 (class 2606 OID 16637)
-- Name: menu_item_handler_id_fkey; Type: FK CONSTRAINT; Schema: public; Owner: garage
--

ALTER TABLE ONLY menu_item
    ADD CONSTRAINT menu_item_handler_id_fkey FOREIGN KEY (handler_id) REFERENCES menu_handler(id) ON UPDATE CASCADE ON DELETE RESTRICT;


--
-- TOC entry 2065 (class 2606 OID 16642)
-- Name: menu_item_parent_id_fkey; Type: FK CONSTRAINT; Schema: public; Owner: garage
--

ALTER TABLE ONLY menu_item
    ADD CONSTRAINT menu_item_parent_id_fkey FOREIGN KEY (parent_id) REFERENCES menu_item(id) ON UPDATE CASCADE ON DELETE RESTRICT;


--
-- TOC entry 2066 (class 2606 OID 16618)
-- Name: menu_menu_item_item_id_fkey; Type: FK CONSTRAINT; Schema: public; Owner: garage
--

ALTER TABLE ONLY menu_menu_item
    ADD CONSTRAINT menu_menu_item_item_id_fkey FOREIGN KEY (item_id) REFERENCES menu_item(id) ON UPDATE CASCADE ON DELETE RESTRICT;


--
-- TOC entry 2067 (class 2606 OID 16623)
-- Name: menu_menu_item_menu_id_fkey; Type: FK CONSTRAINT; Schema: public; Owner: garage
--

ALTER TABLE ONLY menu_menu_item
    ADD CONSTRAINT menu_menu_item_menu_id_fkey FOREIGN KEY (menu_id) REFERENCES menu_menu(id) ON UPDATE CASCADE ON DELETE RESTRICT;


--
-- TOC entry 2068 (class 2606 OID 32828)
-- Name: news_category_id_fkey; Type: FK CONSTRAINT; Schema: public; Owner: garage
--

ALTER TABLE ONLY news
    ADD CONSTRAINT news_category_id_fkey FOREIGN KEY (category_id) REFERENCES news_category(id) ON UPDATE SET NULL ON DELETE SET NULL;


--
-- TOC entry 2120 (class 0 OID 0)
-- Dependencies: 6
-- Name: public; Type: ACL; Schema: -; Owner: postgres
--

REVOKE ALL ON SCHEMA public FROM PUBLIC;
REVOKE ALL ON SCHEMA public FROM postgres;
GRANT ALL ON SCHEMA public TO postgres;
GRANT ALL ON SCHEMA public TO PUBLIC;


-- Completed on 2013-04-14 22:17:59

--
-- PostgreSQL database dump complete
--

